Date,Fatalities
1908/9/17,1
1912/7/12,5
1913/8/6,1
1913/9/9,14
1913/10/17,30
1915/3/5,21
1915/9/3,19
1916/7/28,20
1916/9/24,22
1916/10/1,19
1916/11/21,27
1916/11/28,20
1917/3/4,20
1917/3/30,23
1917/5/14,21
1917/6/14,24
1917/8/21,18
1917/10/20,18
1918/4/7,23
1918/5/10,22
1918/8/11,19
1918/12/16,1
1919/5/25,1
1919/7/19,1
1919/10/2,1
1919/10/14,1
1919/10/20,0
1919/10/30,1
1920/3/10,1
1920/3/30,1
1920/4/10,1
1920/4/11,1
1920/5/12,1
1920/6/6,1
1920/8/16,2
1920/9/1,2
1920/9/15,2
1920/9/27,1
1920/10/2,2
1920/10/5,2
1920/10/15,1
1920/11/7,1
1920/12/14,4
1920/12/24,1
1921/2/3,1
1921/2/9,3
1921/2/15,2
1921/2/22,1
1921/4/6,1
1921/4/21,1
1921/4/29,1
1921/5/17,1
1921/7/16,1
1921/8/14,2
1921/8/24,46
1921/9/6,5
1921/12/5,3
1922/1/14,5
1922/2/21,34
1922/4/7,7
1922/4/8,17
1922/4/13,3
1922/6/3,3
1922/7/26,3
1922/9/7,1
1922/10/2,4
1922/10/25,2
1922/12/3,1
1923/1/10,3
1923/1/17,1
1923/1/18,1
1923/2/26,1
1923/5/14,6
1923/8/27,2
1923/9/7,1
1923/9/14,6
1923/11/18,2
1923/12/6,1
1923/12/23,52
1923/12/24,1
1924/3/7,1
1924/4/24,3
1924/6/8,3
1924/8/1,1
1924/11/6,1
1924/12/21,1
1924/12/24,8
1925/3/22,5
1925/4/25,4
1925/5/25,2
1925/6/25,4
1925/6/26,2
1925/7/20,1
1925/7/24,1
1925/9/3,14
1925/9/7,3
1925/10/1,1
1925/11/14,2
1926/2/12,1
1926/3/8,1
1926/5/31,1
1926/7/3,7
1926/7/9,2
1926/7/24,4
1926/8/18,4
1926/9/26,2
1926/10/8,4
1926/10/21,0
1926/11/11,3
1926/12/16,1
1927/1/12,2
1927/3/20,1
1927/3/24,3
1927/4/15,1
1927/4/22,3
1927/5/2,1
1927/7/27,5
1927/8/22,1
1927/9/3,1
1927/9/17,7
1927/9/22,2
1927/9/23,6
1927/10/6,2
1927/10/30,4
1927/11/16,7
1927/11/29,1
1927/12/26,2
1927/12/28,1
1927/12/31,4
1928/1/8,3
1928/1/16,2
1928/1/22,3
1928/1/27,1
1928/2/26,1
1928/3/3,10
1928/3/11,2
1928/4/17,1
1928/4/19,9
1928/5/7,1
1928/5/12,2
1928/5/26,3
1928/6/14,5
1928/6/22,1
1928/7/10,6
1928/7/13,4
1928/7/24,1
1928/8/25,7
1928/9/2,3
1928/9/4,8
1928/9/6,3
1928/10/4,3
1928/10/18,1
1928/10/31,1
1928/11/15,1
1928/11/24,3
1928/11/25,4
1928/12/1,5
1928/12/3,14
1928/12/4,6
1928/12/11,3
1928/12/20,1
1928/12/23,4
1928/12/31,2
1929/1/5,1
1929/1/18,1
1929/1/25,2
1929/1/31,3
1929/3/17,14
1929/3/30,4
1929/4/21,6
1929/5/18,2
1929/5/22,4
1929/6/10,2
1929/6/14,1
1929/6/17,7
1929/6/24,1
1929/6/29,6
1929/8/11,4
1929/8/13,1
1929/8/24,5
1929/9/2,1
1929/9/3,8
1929/9/6,3
1929/9/17,7
1929/10/26,7
1929/10/29,1
1929/10/31,2
1929/11/4,4
1929/11/6,7
1929/11/15,3
1929/11/30,1
1929/12/2,1
1929/12/14,3
1929/12/19,2
1929/12/30,5
1930/1/10,1
1930/1/13,3
1930/1/19,16
1930/1/25,2
1930/1/27,5
1930/2/3,1
1930/2/10,2
1930/4/18,4
1930/5/10,3
1930/6/5,1
1930/7/7,5
1930/7/10,5
1930/8/22,10
1930/9/11,2
1930/9/25,3
1930/10/5,48
1930/10/6,8
1930/10/12,4
1930/10/28,3
1930/10/30,4
1930/11/7,1
1930/11/18,3
1930/12/9,4
1931/1/8,2
1931/1/22,1
1931/2/8,1
1931/2/20,2
1931/2/24,1
1931/3/21,8
1931/3/31,8
1931/4/14,2
1931/5/5,2
1931/5/22,1
1931/5/24,1
1931/6/7,4
1931/6/11,2
1931/6/13,4
1931/7/12,2
1931/7/14,2
1931/7/21,1
1931/7/24,7
1931/8/9,6
1931/9/14,1
1931/9/16,4
1931/10/6,3
1931/10/14,3
1931/11/5,5
1931/11/13,3
1931/11/23,1
1931/11/24,3
1931/11/26,1
1931/12/5,2
1931/12/6,5
1931/12/9,2
1931/12/31,4
1932/1/21,1
1932/1/29,8
1932/2/1,5
1932/2/2,2
1932/2/27,3
1932/3/8,2
1932/3/19,7
1932/3/21,1
1932/3/29,3
1932/3/31,1
1932/4/21,1
1932/5/3,2
1932/5/16,3
1932/7/16,9
1932/8/12,1
1932/8/30,2
1932/9/8,3
1932/9/17,1
1932/9/18,3
1932/10/12,1
1932/10/26,2
1932/10/29,2
1932/11/2,5
1932/11/25,2
1932/12/14,3
1932/12/26,2
1933/1/10,1
1933/1/14,2
1933/1/20,2
1933/1/24,1
1933/3/11,2
1933/3/25,3
1933/3/28,15
1933/4/3,1
1933/4/4,73
1933/4/23,6
1933/4/29,4
1933/5/9,6
1933/6/2,1
1933/8/29,5
1933/9/12,8
1933/10/10,10
1933/10/31,2
1933/11/9,4
1933/11/10,1
1933/11/20,8
1933/11/21,14
1933/11/24,2
1933/12/11,7
1933/12/14,4
1933/12/30,10
1934/1/15,14
1934/1/20,2
1934/2/23,8
1934/2/26,1
1934/3/6,4
1934/3/10,5
1934/3/22,3
1934/4/10,3
1934/5/9,6
1934/5/31,2
1934/6/9,7
1934/6/11,5
1934/6/22,1
1934/6/23,1
1934/7/9,3
1934/7/27,12
1934/8/5,2
1934/8/10,0
1934/8/31,5
1934/10/3,3
1934/10/19,11
1934/11/2,2
1934/11/15,10
1934/12/7,3
1934/12/8,1
1934/12/10,4
1934/12/20,7
1934/12/22,1
1935/1/26,1
1935/1/31,11
1935/3/7,3
1935/3/15,3
1935/3/29,5
1935/4/1,1
1935/4/6,7
1935/5/1,1
1935/5/6,5
1935/5/18,53
1935/5/27,1
1935/5/28,2
1935/5/29,6
1935/6/24,17
1935/7/14,6
1935/7/19,2
1935/7/20,13
1935/8/13,0
1935/8/14,4
1935/8/15,5
1935/9/1,3
1935/10/2,5
1935/10/7,12
1935/10/9,6
1935/10/21,1
1935/10/30,4
1935/11/2,4
1935/11/9,15
1935/11/11,3
1935/12/4,1
1935/12/10,11
1935/12/24,3
1935/12/31,12
1936/1/14,17
1936/1/17,13
1936/1/21,6
1936/1/29,1
1936/2/15,4
1936/3/5,0
1936/3/26,14
1936/4/1,2
1936/4/7,13
1936/4/11,3
1936/4/15,7
1936/4/17,3
1936/4/21,2
1936/4/30,2
1936/5/16,2
1936/6/9,1
1936/6/13,1
1936/6/16,7
1936/7/31,7
1936/8/2,3
1936/8/3,1
1936/8/5,8
1936/8/6,2
1936/8/12,2
1936/8/22,2
1936/9/25,2
1936/9/28,3
1936/9/29,4
1936/10/6,1
1936/10/9,1
1936/11/1,11
1936/11/6,9
1936/11/17,4
1936/11/19,2
1936/12/4,6
1936/12/7,5
1936/12/9,15
1936/12/15,7
1936/12/18,2
1936/12/19,14
1936/12/23,6
1936/12/26,0
1936/12/27,12
1937/1/12,5
1937/1/26,12
1937/2/9,11
1937/2/19,5
1937/3/12,4
1937/3/24,5
1937/3/25,13
1937/3/26,2
1937/5/6,35
1937/5/20,4
1937/7/2,2
1937/7/28,15
1937/8/2,9
1937/8/3,14
1937/8/8,3
1937/8/10,4
1937/8/23,3
1937/8/27,1
1937/10/1,2
1937/10/6,4
1937/10/17,19
1937/11/12,10
1937/11/16,11
1937/11/26,3
1937/12/5,2
1937/12/8,2
1937/12/24,3
1938/1/4,6
1938/1/10,10
1938/1/11,7
1938/1/12,1
1938/2/2,11
1938/2/5,13
1938/2/9,10
1938/2/22,3
1938/3/1,9
1938/3/7,7
1938/3/8,1
1938/3/23,8
1938/4/12,19
1938/5/5,1
1938/5/10,2
1938/5/16,9
1938/5/22,2
1938/5/24,10
1938/5/27,4
1938/6/8,3
1938/6/19,4
1938/7/8,10
1938/7/14,20
1938/7/22,14
1938/7/24,1
1938/7/27,4
1938/7/29,15
1938/8/10,18
1938/8/13,16
1938/8/15,9
1938/8/18,20
1938/8/24,14
1938/8/29,5
1938/10/1,17
1938/10/10,20
1938/10/25,18
1938/11/2,2
1938/11/4,14
1938/11/14,6
1938/11/18,2
1938/11/26,11
1938/11/27,4
1938/11/29,7
1938/12/8,10
1938/12/9,4
1938/12/12,13
1939/1/7,5
1939/1/13,13
1939/1/18,4
1939/1/21,3
1939/2/24,10
1939/3/14,3
1939/3/16,8
1939/3/18,10
1939/3/26,8
1939/4/3,9
1939/5/1,2
1939/5/2,9
1939/5/8,1
1939/6/10,3
1939/7/20,6
1939/8/4,7
1939/8/13,14
1939/8/15,5
1939/8/28,2
1939/8/30,7
1939/9/26,1
1939/11/20,2
1939/12/18,10
1939/12/21,5
1939/12/24,7
1940/1/15,8
1940/3/1,8
1940/4/22,3
1940/6/2,5
1940/6/14,9
1940/6/20,1
1940/7/7,0
1940/8/9,2
1940/8/13,10
1940/8/23,14
1940/8/31,25
1940/10/29,11
1940/11/4,10
1940/11/8,29
1940/11/9,18
1940/11/27,6
1940/12/4,10
1941/1/15,10
1941/1/18,12
1941/1/20,5
1941/1/23,2
1941/2/6,12
1941/2/26,9
1941/3/1,3
1941/3/28,10
1941/6/3,6
1941/6/19,15
1941/6/21,18
1941/8/10,22
1941/8/14,22
1941/8/18,8
1941/9/1,23
1941/10/3,2
1941/10/28,13
1941/10/30,34
1941/12/11,3
1942/1/16,22
1942/1/20,11
1942/1/24,0
1942/1/26,0
1942/1/30,13
1942/2/14,0
1942/2/15,9
1942/2/20,9
1942/2/28,20
1942/3/3,27
1942/3/14,13
1942/4/21,12
1942/5/1,17
1942/5/12,3
1942/7/1,21
1942/7/7,10
1942/7/20,13
1942/8/13,4
1942/8/21,4
1942/8/22,13
1942/8/23,13
1942/8/25,13
1942/9/27,25
1942/10/1,22
1942/10/3,11
1942/10/22,17
1942/10/23,12
1942/10/30,10
1942/12/15,17
1942/12/19,2
1943/1/9,13
1943/1/15,35
1943/1/18,26
1943/1/21,19
1943/1/22,14
1943/2/9,19
1943/2/18,10
1943/2/22,25
1943/3/11,3
1943/3/13,3
1943/3/27,24
1943/4/22,13
1943/6/1,17
1943/6/7,20
1943/6/14,40
1943/6/16,17
1943/6/30,16
1943/7/4,12
1943/7/28,32
1943/8/1,10
1943/8/7,27
1943/8/11,3
1943/8/27,25
1943/9/10,22
1943/9/20,25
1943/9/22,20
1943/10/15,15
1943/10/19,24
1943/10/22,33
1943/11/8,1
1943/11/19,5
1943/11/26,15
1943/12/18,3
1943/12/19,31
1943/12/29,25
1944/1/15,5
1944/2/10,24
1944/2/20,2
1944/2/21,16
1944/3/22,21
1944/4/6,6
1944/4/17,5
1944/4/21,9
1944/4/25,16
1944/5/26,12
1944/5/27,14
1944/6/6,66
1944/6/8,6
1944/6/18,2
1944/6/20,10
1944/7/26,26
1944/7/27,22
1944/7/31,22
1944/8/3,28
1944/8/8,17
1944/8/12,2
1944/8/23,3
1944/8/28,20
1944/8/30,16
1944/9/2,5
1944/9/7,20
1944/9/18,19
1944/9/21,17
1944/9/27,9
1944/10/7,3
1944/10/10,7
1944/10/11,1
1944/10/16,15
1944/10/17,1
1944/10/18,24
1944/11/4,24
1944/11/9,0
1944/11/19,25
1944/11/29,41
1944/11/30,3
1944/12/1,9
1944/12/3,5
1944/12/15,3
1945/1/6,4
1945/1/8,23
1945/1/10,24
1945/1/14,4
1945/1/16,3
1945/1/23,11
1945/1/31,10
1945/2/2,23
1945/2/6,23
1945/2/13,24
1945/2/15,11
1945/2/23,30
1945/3/27,24
1945/4/9,3
1945/4/14,20
1945/4/19,13
1945/4/20,43
1945/4/21,21
1945/4/23,31
1945/4/27,6
1945/5/5,21
1945/5/6,30
1945/5/9,31
1945/5/13,20
1945/5/30,21
1945/6/15,3
1945/6/24,2
1945/6/25,27
1945/6/29,2
1945/6/30,12
1945/7/4,15
1945/7/11,28
1945/7/12,3
1945/7/28,3
1945/8/1,12
1945/8/3,4
1945/8/11,16
1945/9/7,22
1945/9/11,11
1945/9/15,23
1945/9/18,29
1945/9/28,20
1945/10/5,25
1945/10/7,26
1945/10/13,31
1945/10/16,59
1945/10/20,56
1945/10/23,14
1945/10/24,5
1945/10/30,45
1945/11/1,26
1945/11/3,44
1945/11/8,22
1945/11/9,24
1945/11/11,93
1945/11/15,28
1945/11/22,27
1945/12/3,28
1945/12/5,14
1945/12/8,17
1945/12/18,15
1945/12/25,8
1945/12/30,1
1946/1/6,3
1946/1/9,18
1946/1/15,23
1946/1/18,17
1946/1/19,7
1946/1/30,11
1946/1/31,21
1946/2/5,20
1946/2/21,1
1946/3/3,27
1946/3/5,10
1946/3/10,25
1946/3/17,20
1946/3/18,0
1946/3/19,26
1946/3/23,10
1946/4/5,4
1946/4/8,14
1946/4/22,19
1946/4/30,12
1946/5/10,28
1946/5/16,27
1946/5/22,13
1946/6/1,30
1946/6/9,41
1946/6/29,20
1946/7/9,25
1946/7/11,5
1946/7/13,13
1946/7/17,30
1946/7/18,13
1946/7/20,20
1946/7/25,22
1946/8/7,3
1946/8/9,4
1946/8/14,1
1946/8/20,8
1946/8/21,2
1946/8/24,6
1946/9/3,22
1946/9/4,20
1946/9/5,21
1946/9/6,24
1946/9/7,4
1946/9/15,21
1946/9/17,1
1946/9/18,27
1946/9/19,25
1946/9/20,31
1946/9/25,19
1946/9/27,25
1946/10/3,39
1946/10/6,21
1946/10/7,1
1946/10/8,2
1946/10/10,16
1946/10/17,24
1946/10/23,1
1946/11/1,23
1946/11/11,2
1946/11/13,26
1946/11/14,26
1946/11/16,23
1946/11/26,22
1946/11/30,5
1946/12/4,24
1946/12/10,56
1946/12/14,12
1946/12/17,7
1946/12/23,21
1946/12/24,12
1946/12/25,87
1946/12/28,17
1947/1/3,11
1947/1/5,41
1947/1/11,15
1947/1/12,18
1947/1/14,21
1947/1/22,17
1947/1/25,35
1947/1/26,22
1947/1/28,25
1947/2/1,15
1947/2/5,1
1947/2/6,12
1947/2/14,2
1947/2/15,69
1947/2/21,21
1947/2/26,12
1947/3/8,22
1947/3/14,23
1947/3/17,8
1947/3/18,11
1947/4/8,27
1947/4/13,6
1947/4/22,10
1947/4/28,15
1947/5/11,4
1947/5/29,108
1947/5/30,53
1947/6/4,2
1947/6/11,5
1947/6/13,50
1947/6/19,14
1947/7/1,13
1947/7/13,14
1947/7/15,1
1947/7/16,6
1947/7/25,2
1947/7/31,26
1947/8/2,11
1947/8/6,20
1947/8/8,3
1947/8/9,1
1947/8/13,3
1947/8/21,3
1947/8/23,10
1947/8/28,35
1947/10/8,0
1947/10/16,44
1947/10/24,53
1947/10/26,62
1947/10/31,25
1947/11/2,5
1947/11/11,0
1947/11/13,2
1947/11/18,25
1947/11/21,13
1947/11/27,37
1947/11/28,20
1947/11/30,8
1947/12/10,23
1947/12/11,20
1947/12/23,25
1947/12/27,23
1947/12/28,5
1948/1/6,17
1948/1/7,18
1948/1/8,9
1948/1/11,31
1948/1/13,5
1948/1/20,3
1948/1/28,32
1948/1/30,31
1948/2/7,1
1948/2/12,12
1948/2/20,7
1948/2/21,14
1948/2/23,12
1948/2/25,2
1948/2/27,23
1948/3/2,24
1948/3/7,5
1948/3/10,12
1948/3/12,30
1948/3/13,6
1948/3/15,14
1948/3/27,19
1948/4/5,15
1948/4/15,30
1948/5/13,41
1948/5/15,13
1948/5/16,2
1948/5/20,3
1948/5/25,4
1948/6/10,6
1948/6/17,43
1948/6/26,1
1948/7/1,8
1948/7/4,32
1948/7/7,16
1948/7/14,5
1948/7/16,25
1948/7/24,26
1948/7/29,37
1948/8/1,56
1948/8/9,2
1948/8/20,3
1948/8/29,37
1948/8/31,13
1948/9/2,13
1948/10/2,19
1948/10/20,40
1948/10/23,13
1948/10/27,2
1948/11/3,13
1948/11/4,17
1948/11/8,3
1948/11/11,8
1948/11/26,21
1948/12/5,9
1948/12/6,7
1948/12/12,2
1948/12/15,30
1948/12/21,56
1948/12/23,27
1948/12/28,32
1948/12/31,12
1949/1/2,14
1949/1/5,3
1949/1/6,2
1949/1/11,12
1949/1/15,30
1949/1/16,13
1949/1/17,40
1949/1/20,5
1949/1/30,2
1949/2/2,6
1949/2/4,1
1949/2/5,3
1949/2/8,27
1949/2/10,16
1949/2/19,14
1949/2/24,45
1949/3/10,16
1949/3/15,3
1949/3/18,15
1949/5/4,31
1949/5/7,13
1949/6/6,22
1949/6/7,80
1949/6/23,33
1949/7/2,18
1949/7/12,80
1949/7/19,2
1949/7/30,16
1949/8/2,5
1949/8/3,5
1949/8/6,34
1949/8/9,12
1949/8/13,32
1949/8/15,8
1949/8/19,24
1949/8/21,21
1949/8/27,5
1949/9/9,23
1949/9/26,24
1949/9/27,5
1949/10/9,4
1949/10/28,48
1949/11/1,55
1949/11/4,3
1949/11/20,34
1949/11/28,5
1949/11/29,28
1949/12/1,20
1949/12/7,9
1949/12/9,38
1949/12/10,17
1949/12/12,32
1949/12/16,17
1949/12/18,8
1949/12/30,7
1950/1/18,16
1950/1/20,32
1950/1/24,18
1950/1/26,44
1950/2/2,7
1950/2/27,5
1950/3/7,13
1950/3/10,4
1950/3/12,80
1950/3/25,15
1950/3/28,12
1950/4/5,3
1950/4/15,25
1950/4/21,35
1950/5/2,15
1950/5/17,16
1950/5/23,39
1950/5/24,25
1950/5/27,1
1950/5/30,13
1950/6/5,28
1950/6/9,15
1950/6/12,46
1950/6/14,40
1950/6/23,58
1950/6/26,29
1950/7/7,23
1950/7/9,22
1950/7/17,22
1950/7/18,9
1950/7/27,25
1950/7/28,50
1950/7/29,26
1950/8/5,12
1950/8/25,12
1950/8/31,55
1950/9/4,16
1950/9/14,8
1950/9/20,26
1950/9/21,10
1950/9/23,10
1950/9/26,23
1950/10/13,10
1950/10/17,28
1950/10/31,28
1950/11/3,48
1950/11/6,21
1950/11/13,52
1950/11/17,2
1950/11/21,21
1950/11/23,9
1950/11/25,3
1950/12/1,8
1950/12/8,51
1950/12/13,30
1950/12/15,31
1950/12/19,38
1950/12/22,2
1950/12/30,17
1951/1/12,12
1951/1/13,10
1951/1/14,7
1951/1/16,10
1951/1/17,14
1951/1/28,16
1951/1/31,20
1951/2/1,14
1951/2/3,29
1951/2/14,2
1951/3/2,16
1951/3/11,24
1951/3/21,27
1951/3/22,56
1951/3/26,11
1951/4/2,26
1951/4/6,22
1951/4/8,21
1951/4/9,16
1951/4/25,43
1951/4/28,11
1951/5/6,23
1951/5/8,2
1951/5/18,6
1951/6/3,10
1951/6/6,2
1951/6/15,3
1951/6/22,40
1951/6/29,14
1951/6/30,50
1951/7/12,46
1951/7/16,7
1951/7/20,3
1951/7/21,37
1951/7/24,3
1951/7/29,7
1951/8/8,2
1951/8/11,5
1951/8/17,10
1951/8/24,50
1951/9/8,13
1951/9/12,42
1951/9/15,22
1951/9/29,27
1951/10/8,8
1951/10/15,29
1951/10/17,23
1951/10/22,12
1951/10/27,25
1951/11/5,1
1951/11/13,36
1951/11/15,16
1951/11/19,5
1951/11/21,16
1951/11/24,6
1951/11/27,13
1951/12/4,3
1951/12/13,3
1951/12/16,56
1951/12/23,22
1951/12/29,26
1951/12/30,32
1951/12/31,3
1952/1/2,6
1952/1/10,23
1952/1/19,36
1952/1/22,23
1952/2/4,15
1952/2/7,17
1952/2/11,29
1952/2/16,31
1952/2/19,12
1952/2/28,8
1952/3/3,38
1952/3/10,3
1952/3/12,15
1952/3/22,48
1952/3/24,17
1952/3/26,70
1952/3/29,12
1952/3/30,10
1952/4/5,2
1952/4/9,37
1952/4/10,4
1952/4/11,52
1952/4/18,29
1952/4/29,50
1952/4/30,9
1952/5/5,11
1952/5/9,17
1952/5/13,5
1952/5/24,6
1952/5/26,1
1952/6/13,8
1952/6/24,11
1952/6/25,11
1952/7/27,1
1952/8/12,24
1952/8/21,7
1952/8/26,18
1952/8/29,2
1952/9/6,1
1952/9/10,46
1952/9/15,3
1952/10/8,14
1952/10/14,14
1952/10/16,25
1952/10/29,16
1952/11/6,5
1952/11/7,19
1952/11/14,44
1952/11/15,20
1952/11/17,9
1952/11/22,52
1952/11/28,37
1952/12/6,55
1952/12/20,87
1952/12/21,3
1952/12/25,30
1952/12/30,2
1953/1/5,27
1953/1/7,47
1953/1/15,26
1953/1/26,19
1953/2/2,39
1953/2/3,18
1953/2/7,5
1953/2/9,30
1953/2/14,46
1953/3/3,11
1953/3/4,2
1953/3/14,16
1953/3/17,8
1953/3/18,23
1953/3/20,35
1953/3/27,14
1953/3/29,13
1953/4/10,17
1953/4/14,10
1953/4/16,30
1953/4/20,8
1953/5/2,43
1953/5/7,10
1953/5/9,18
1953/5/11,2
1953/5/17,19
1953/5/25,0
1953/6/15,18
1953/6/16,34
1953/6/17,17
1953/6/18,129
1953/7/12,58
1953/7/17,44
1953/7/27,21
1953/8/3,5
1953/8/5,14
1953/8/18,2
1953/9/1,63
1953/9/8,3
1953/9/14,1
1953/9/16,28
1953/9/25,5
1953/9/28,25
1953/10/14,44
1953/10/17,2
1953/10/19,23
1953/10/29,19
1953/11/3,28
1953/11/11,10
1953/12/4,23
1953/12/12,13
1953/12/15,2
1953/12/17,11
1953/12/19,1
1953/12/21,9
1954/1/2,21
1954/1/5,4
1954/1/6,16
1954/1/10,35
1954/1/11,21
1954/1/13,1
1954/1/14,31
1954/1/20,3
1954/2/1,35
1954/2/5,10
1954/2/12,10
1954/2/25,3
1954/2/26,9
1954/3/4,20
1954/3/13,33
1954/3/14,2
1954/3/19,18
1954/3/26,18
1954/4/3,25
1954/4/4,4
1954/4/8,57
1954/4/13,32
1954/4/23,25
1954/4/30,5
1954/5/22,3
1954/5/31,19
1954/6/3,1
1954/6/4,3
1954/6/8,4
1954/6/19,3
1954/7/2,20
1954/7/23,10
1954/8/8,2
1954/8/9,30
1954/8/12,3
1954/8/16,47
1954/8/22,12
1954/8/23,21
1954/8/27,26
1954/9/5,28
1954/9/12,6
1954/9/15,3
1954/10/24,21
1954/10/30,84
1954/10/31,3
1954/11/16,24
1954/11/30,2
1954/12/4,28
1954/12/12,4
1954/12/18,28
1954/12/22,10
1954/12/25,28
1954/12/29,45
1954/12/31,17
1955/1/11,18
1955/1/12,15
1955/1/19,0
1955/1/31,5
1955/2/2,10
1955/2/5,13
1955/2/13,29
1955/2/19,16
1955/2/23,1
1955/3/6,5
1955/3/8,26
1955/3/9,8
1955/3/20,13
1955/3/22,66
1955/3/26,4
1955/4/2,2
1955/4/4,3
1955/4/11,19
1955/4/18,12
1955/5/18,20
1955/5/21,4
1955/5/26,2
1955/6/3,3
1955/6/16,16
1955/6/18,18
1955/7/14,22
1955/7/17,22
1955/7/27,58
1955/8/4,30
1955/8/6,25
1955/8/11,66
1955/8/26,13
1955/8/30,2
1955/9/2,9
1955/9/8,3
1955/9/10,16
1955/9/17,2
1955/9/21,15
1955/9/24,3
1955/9/29,1
1955/10/2,19
1955/10/6,66
1955/10/10,7
1955/11/1,44
1955/11/17,42
1955/11/20,10
1955/11/30,10
1955/12/1,6
1955/12/17,2
1955/12/19,26
1955/12/21,17
1956/1/12,1
1956/1/17,4
1956/1/18,22
1956/1/28,3
1956/2/13,2
1956/2/14,2
1956/2/17,40
1956/2/18,50
1956/2/20,52
1956/2/24,19
1956/2/25,3
1956/3/21,2
1956/3/28,1
1956/3/31,21
1956/4/1,22
1956/4/2,5
1956/4/9,6
1956/4/18,3
1956/4/30,2
1956/5/15,16
1956/5/24,30
1956/6/20,74
1956/6/24,32
1956/6/30,128
1956/7/9,1
1956/7/13,46
1956/7/16,18
1956/8/8,12
1956/8/29,15
1956/9/9,1
1956/10/2,5
1956/10/10,59
1956/10/16,0
1956/10/19,3
1956/10/28,23
1956/11/5,5
1956/11/7,2
1956/11/15,25
1956/11/17,36
1956/11/24,57
1956/11/27,25
1956/12/8,14
1956/12/9,62
1956/12/12,5
1956/12/22,24
1956/12/30,11
1957/1/6,1
1957/1/11,17
1957/1/23,16
1957/1/29,2
1957/1/31,5
1957/2/1,21
1957/2/22,22
1957/3/2,5
1957/3/5,18
1957/3/9,15
1957/3/14,20
1957/3/17,24
1957/3/18,19
1957/3/22,67
1957/4/7,40
1957/4/8,34
1957/4/10,26
1957/4/15,3
1957/4/17,24
1957/4/20,1
1957/5/1,34
1957/5/5,1
1957/5/9,37
1957/5/13,20
1957/6/14,9
1957/6/18,9
1957/6/22,3
1957/6/23,14
1957/7/1,24
1957/7/16,58
1957/7/25,1
1957/8/11,79
1957/8/15,23
1957/8/20,8
1957/8/29,12
1957/9/3,8
1957/9/15,12
1957/9/18,1
1957/9/28,3
1957/10/3,27
1957/10/18,2
1957/10/23,7
1957/10/28,21
1957/10/30,3
1957/11/6,15
1957/11/9,44
1957/11/15,47
1957/11/21,4
1957/12/8,61
1957/12/10,3
1957/12/11,2
1957/12/23,23
1957/12/31,9
1958/1/16,3
1958/1/20,11
1958/2/1,52
1958/2/6,23
1958/2/19,15
1958/2/20,22
1958/2/27,35
1958/3/7,34
1958/3/22,4
1958/3/24,20
1958/3/25,9
1958/3/27,18
1958/4/2,3
1958/4/6,47
1958/4/7,32
1958/4/14,16
1958/4/21,49
1958/5/15,21
1958/5/16,3
1958/5/18,61
1958/5/20,11
1958/5/25,4
1958/5/31,19
1958/6/2,46
1958/6/4,1
1958/6/16,19
1958/6/25,7
1958/6/27,15
1958/7/9,3
1958/8/9,36
1958/8/12,43
1958/8/14,99
1958/8/15,88
1958/9/2,39
1958/9/5,13
1958/9/8,13
1958/9/9,8
1958/9/15,15
1958/9/29,5
1958/10/9,19
1958/10/14,23
1958/10/15,20
1958/10/17,80
1958/10/18,11
1958/10/22,31
1958/11/1,17
1958/11/3,8
1958/11/8,3
1958/11/9,36
1958/11/16,2
1958/12/4,21
1958/12/24,9
1958/12/26,3
1958/12/30,21
1959/1/6,5
1959/1/8,10
1959/1/11,36
1959/1/14,2
1959/1/16,51
1959/1/21,4
1959/1/22,10
1959/1/27,2
1959/2/1,3
1959/2/3,69
1959/2/17,14
1959/2/18,5
1959/3/5,15
1959/3/12,5
1959/3/13,1
1959/3/29,33
1959/3/30,2
1959/4/17,26
1959/4/23,12
1959/4/29,28
1959/5/2,5
1959/5/12,33
1959/5/13,12
1959/5/15,10
1959/5/21,8
1959/6/1,60
1959/6/23,14
1959/6/26,68
1959/6/30,0
1959/8/3,6
1959/8/14,2
1959/8/15,5
1959/8/19,32
1959/8/27,2
1959/9/2,2
1959/9/8,1
1959/9/12,3
1959/9/23,20
1959/9/24,69
1959/9/29,34
1959/10/26,1
1959/10/29,18
1959/10/30,26
1959/11/4,5
1959/11/16,82
1959/11/21,24
1959/11/24,3
1959/12/1,25
1959/12/8,45
1959/12/13,29
1959/12/17,3
1959/12/21,2
1959/12/22,33
1959/12/24,1
1959/12/31,11
1960/1/3,9
1960/1/6,34
1960/1/10,10
1960/1/18,50
1960/1/19,42
1960/1/21,37
1960/1/26,9
1960/2/5,59
1960/2/26,127
1960/3/15,6
1960/3/16,3
1960/3/17,63
1960/3/19,25
1960/4/5,2
1960/4/12,10
1960/4/14,18
1960/4/18,9
1960/4/19,37
1960/4/20,4
1960/4/22,35
1960/4/28,13
1960/5/15,12
1960/5/18,10
1960/5/23,4
1960/6/10,29
1960/6/14,14
1960/6/24,54
1960/7/6,18
1960/7/10,16
1960/7/11,18
1960/7/14,1
1960/7/15,1
1960/7/19,37
1960/7/27,13
1960/7/31,1
1960/8/1,6
1960/8/17,55
1960/8/24,3
1960/8/29,63
1960/9/7,31
1960/9/19,80
1960/9/22,29
1960/9/26,31
1960/9/28,8
1960/9/29,21
1960/10/4,62
1960/10/14,11
1960/10/15,2
1960/10/21,3
1960/10/28,12
1960/10/29,22
1960/11/5,4
1960/11/7,37
1960/11/23,33
1960/12/7,15
1960/12/11,31
1960/12/16,128
1960/12/17,20
1960/12/22,28
1961/1/2,10
1961/1/3,25
1961/1/19,4
1961/1/22,6
1961/1/24,21
1961/1/26,23
1961/1/28,6
1961/2/3,26
1961/2/15,72
1961/3/9,12
1961/3/25,23
1961/3/28,52
1961/4/3,24
1961/5/10,78
1961/5/24,22
1961/5/29,13
1961/5/30,61
1961/6/12,20
1961/6/17,1
1961/6/30,24
1961/7/10,1
1961/7/11,17
1961/7/12,72
1961/7/19,67
1961/7/21,6
1961/8/6,27
1961/8/9,39
1961/8/13,6
1961/8/29,1
1961/9/1,78
1961/9/5,5
1961/9/6,2
1961/9/10,83
1961/9/12,77
1961/9/17,53
1961/9/23,28
1961/10/7,34
1961/10/10,17
1961/11/1,47
1961/11/8,77
1961/11/11,3
1961/11/23,73
1961/11/30,15
1961/12/4,3
1961/12/12,13
1961/12/15,2
1961/12/21,27
1961/12/24,1
1961/12/29,14
1962/1/13,5
1962/1/22,6
1962/1/27,13
1962/2/4,18
1962/2/25,25
1962/3/1,95
1962/3/4,111
1962/3/6,2
1962/3/8,31
1962/3/15,108
1962/3/20,11
1962/3/27,22
1962/4/6,31
1962/4/22,40
1962/5/6,12
1962/5/8,32
1962/5/9,23
1962/5/12,15
1962/5/15,3
1962/5/17,13
1962/5/22,71
1962/6/3,130
1962/6/4,5
1962/6/22,112
1962/6/28,81
1962/6/30,84
1962/7/6,14
1962/7/7,94
1962/7/9,6
1962/7/15,1
1962/7/16,9
1962/7/19,26
1962/7/22,27
1962/7/28,81
1962/7/30,4
1962/8/1,10
1962/8/20,15
1962/8/23,20
1962/8/24,9
1962/9/2,86
1962/9/3,12
1962/9/4,13
1962/9/10,59
1962/9/21,8
1962/9/23,28
1962/10/10,2
1962/10/12,21
1962/10/19,1
1962/10/25,10
1962/11/10,27
1962/11/19,4
1962/11/23,62
1962/11/26,26
1962/11/27,97
1962/11/30,25
1962/12/6,24
1962/12/14,55
1962/12/19,33
1962/12/20,12
1962/12/22,1
1962/12/28,1
1962/12/29,25
1963/1/14,5
1963/1/15,13
1963/1/17,3
1963/1/26,1
1963/1/29,8
1963/1/30,14
1963/2/1,17
1963/2/3,3
1963/2/8,7
1963/2/12,43
1963/2/28,0
1963/3/2,27
1963/3/5,4
1963/3/15,45
1963/3/20,18
1963/3/23,10
1963/3/30,11
1963/4/14,12
1963/5/3,92
1963/5/12,34
1963/6/3,130
1963/6/10,20
1963/6/16,50
1963/6/23,38
1963/6/26,38
1963/7/1,15
1963/7/2,7
1963/7/3,23
1963/7/13,35
1963/7/15,6
1963/7/17,6
1963/7/27,63
1963/8/8,13
1963/8/12,20
1963/8/14,1
1963/8/17,19
1963/8/21,0
1963/8/28,16
1963/9/4,80
1963/9/11,58
1963/9/22,10
1963/10/9,6
1963/10/14,6
1963/10/18,31
1963/10/20,5
1963/10/22,7
1963/11/8,22
1963/11/29,118
1963/12/7,3
1963/12/8,81
1963/12/12,3
1963/12/15,6
1963/12/17,0
1964/1/9,28
1964/1/22,2
1964/2/3,13
1964/2/4,2
1964/2/8,4
1964/2/15,4
1964/2/18,13
1964/2/21,31
1964/2/22,24
1964/2/25,58
1964/2/27,20
1964/2/29,83
1964/3/1,85
1964/3/8,29
1964/3/10,5
1964/3/12,5
1964/3/20,3
1964/3/28,54
1964/4/12,15
1964/4/17,51
1964/5/7,44
1964/5/8,56
1964/5/11,79
1964/5/20,11
1964/5/27,3
1964/6/4,3
1964/6/13,2
1964/6/19,2
1964/6/20,57
1964/6/21,1
1964/7/7,5
1964/7/8,1
1964/7/9,39
1964/7/14,3
1964/7/16,0
1964/7/31,2
1964/8/2,3
1964/8/5,2
1964/8/22,0
1964/9/2,87
1964/9/4,67
1964/9/15,2
1964/10/2,81
1964/10/9,32
1964/10/16,2
1964/10/19,33
1964/11/3,5
1964/11/15,29
1964/11/17,10
1964/11/20,31
1964/11/23,50
1964/11/29,6
1964/12/4,4
1964/12/8,17
1964/12/11,38
1964/12/21,1
1964/12/24,4
1964/12/29,5
1964/12/30,4
1965/1/5,3
1965/1/13,2
1965/1/16,17
1965/1/17,10
1965/1/22,10
1965/2/3,4
1965/2/6,87
1965/2/8,84
1965/2/13,2
1965/2/14,4
1965/3/8,35
1965/3/17,8
1965/3/22,28
1965/3/25,16
1965/3/26,22
1965/3/31,50
1965/4/9,2
1965/4/10,54
1965/4/14,26
1965/4/17,2
1965/4/23,5
1965/5/5,30
1965/5/20,119
1965/6/15,18
1965/6/25,85
1965/6/28,0
1965/7/1,0
1965/7/6,41
1965/7/7,30
1965/7/8,52
1965/7/11,16
1965/7/15,8
1965/7/17,11
1965/7/25,37
1965/8/4,7
1965/8/12,13
1965/8/16,30
1965/8/20,4
1965/8/24,59
1965/9/4,4
1965/9/11,11
1965/9/14,17
1965/9/16,47
1965/9/17,30
1965/9/27,3
1965/10/8,4
1965/10/17,27
1965/10/18,13
1965/10/20,1
1965/10/27,36
1965/11/2,30
1965/11/3,68
1965/11/8,88
1965/11/10,32
1965/11/11,43
1965/11/12,2
1965/11/14,8
1965/11/27,13
1965/12/4,4
1965/12/7,32
1965/12/11,85
1965/12/12,2
1965/12/16,2
1965/12/29,3
1966/1/1,34
1966/1/15,56
1966/1/22,30
1966/1/24,117
1966/1/25,46
1966/1/27,3
1966/1/28,46
1966/2/4,133
1966/2/7,37
1966/2/8,2
1966/2/15,2
1966/2/18,4
1966/3/4,64
1966/3/5,124
1966/3/8,6
1966/3/10,11
1966/3/18,30
1966/3/20,2
1966/4/5,2
1966/4/9,11
1966/4/17,2
1966/4/22,83
1966/4/27,49
1966/5/4,20
1966/5/6,2
1966/5/18,11
1966/6/16,3
1966/6/20,2
1966/6/27,6
1966/6/29,24
1966/7/4,2
1966/7/11,11
1966/7/15,10
1966/7/24,4
1966/8/3,3
1966/8/6,42
1966/8/11,24
1966/8/13,6
1966/8/15,4
1966/8/16,6
1966/8/17,1
1966/8/21,9
1966/9/1,98
1966/9/4,4
1966/9/16,1
1966/9/22,26
1966/10/1,18
1966/10/4,14
1966/10/8,11
1966/10/9,6
1966/11/2,2
1966/11/6,3
1966/11/11,19
1966/11/13,50
1966/11/15,3
1966/11/20,3
1966/11/22,30
1966/11/24,82
1966/11/26,25
1966/12/1,9
1966/12/2,21
1966/12/18,17
1966/12/24,33
1967/1/5,9
1967/1/6,3
1967/1/17,13
1967/1/21,2
1967/2/6,1
1967/2/7,32
1967/2/9,10
1967/2/10,4
1967/2/15,2
1967/2/16,22
1967/2/20,4
1967/2/28,12
1967/3/4,51
1967/3/5,38
1967/3/8,4
1967/3/9,26
1967/3/10,29
1967/3/11,4
1967/3/13,25
1967/3/16,2
1967/3/27,2
1967/3/30,6
1967/4/1,2
1967/4/2,5
1967/4/3,9
1967/4/8,15
1967/4/11,35
1967/4/17,23
1967/4/20,126
1967/4/25,14
1967/4/27,36
1967/4/28,12
1967/5/1,3
1967/5/4,4
1967/5/12,16
1967/5/15,4
1967/5/19,3
1967/6/3,88
1967/6/4,72
1967/6/9,10
1967/6/11,17
1967/6/12,5
1967/6/15,20
1967/6/17,35
1967/6/22,10
1967/6/23,56
1967/6/24,16
1967/6/30,24
1967/7/6,21
1967/7/19,124
1967/7/25,34
1967/7/26,7
1967/8/31,11
1967/9/4,11
1967/9/5,37
1967/9/8,3
1967/10/8,25
1967/10/12,66
1967/10/13,4
1967/10/24,16
1967/11/3,21
1967/11/4,39
1967/11/5,1
1967/11/6,1
1967/11/16,130
1967/11/20,70
1967/11/23,5
1967/11/25,3
1967/11/30,26
1967/12/7,10
1967/12/8,72
1967/12/10,7
1967/12/13,2
1967/12/15,2
1967/12/21,15
1967/12/25,4
1967/12/29,11
1967/12/30,44
1967/12/31,6
1968/1/8,47
1968/1/10,19
1968/1/15,4
1968/1/16,12
1968/1/17,13
1968/1/27,15
1968/2/6,12
1968/2/7,99
1968/2/16,21
1968/2/21,3
1968/2/24,37
1968/2/29,82
1968/3/6,112
1968/3/8,14
1968/3/9,19
1968/3/19,2
1968/3/23,3
1968/3/24,61
1968/3/27,4
1968/4/1,12
1968/4/8,41
1968/4/10,22
1968/4/19,37
1968/4/20,123
1968/4/22,5
1968/4/27,5
1968/4/30,22
1968/5/3,85
1968/5/7,11
1968/5/12,155
1968/5/14,4
1968/5/22,23
1968/5/28,29
1968/6/1,3
1968/6/13,6
1968/6/18,6
1968/6/22,120
1968/6/25,29
1968/6/28,1
1968/7/3,6
1968/7/7,4
1968/7/8,11
1968/7/13,7
1968/7/15,3
1968/7/18,5
1968/7/28,10
1968/8/1,3
1968/8/2,13
1968/8/4,3
1968/8/9,48
1968/8/10,35
1968/8/14,21
1968/8/18,40
1968/8/20,4
1968/8/28,0
1968/8/31,5
1968/9/3,47
1968/9/8,2
1968/9/11,95
1968/9/24,11
1968/9/28,57
1968/10/1,3
1968/10/3,38
1968/10/8,14
1968/10/10,2
1968/10/11,11
1968/10/19,10
1968/10/20,19
1968/10/21,23
1968/10/25,32
1968/11/21,7
1968/11/22,0
1968/11/23,9
1968/11/25,26
1968/11/26,2
1968/12/2,39
1968/12/6,3
1968/12/8,3
1968/12/12,51
1968/12/24,22
1968/12/26,15
1968/12/27,27
1968/12/31,52
1969/1/2,26
1969/1/5,50
1969/1/6,35
1969/1/13,15
1969/1/16,12
1969/1/18,38
1969/2/4,13
1969/2/5,23
1969/2/18,35
1969/2/24,36
1969/3/5,19
1969/3/8,15
1969/3/13,1
1969/3/16,84
1969/3/19,3
1969/3/20,116
1969/4/2,79
1969/4/7,1
1969/4/15,31
1969/4/16,45
1969/4/19,9
1969/4/21,44
1969/4/24,1
1969/4/25,18
1969/5/5,22
1969/5/6,30
1969/5/7,2
1969/5/23,6
1969/5/25,1
1969/6/4,79
1969/6/5,22
1969/6/20,2
1969/6/29,14
1969/7/6,14
1969/7/12,35
1969/7/13,2
1969/7/15,3
1969/7/24,4
1969/7/25,1
1969/7/26,38
1969/7/30,3
1969/8/3,4
1969/8/5,3
1969/8/19,13
1969/8/25,1
1969/8/26,16
1969/8/31,3
1969/9/2,35
1969/9/6,4
1969/9/8,28
1969/9/9,83
1969/9/12,45
1969/9/14,20
1969/9/17,4
1969/9/20,74
1969/9/21,27
1969/9/26,79
1969/10/2,26
1969/10/3,5
1969/11/9,2
1969/11/12,2
1969/11/13,9
1969/11/19,14
1969/11/20,87
1969/12/3,62
1969/12/6,8
1969/12/8,90
1969/12/10,3
1969/12/22,10
1969/12/23,15
1970/1/1,2
1970/1/5,5
1970/1/12,23
1970/1/13,32
1970/1/14,28
1970/1/24,2
1970/1/25,20
1970/1/28,43
1970/1/29,11
1970/2/4,58
1970/2/6,92
1970/2/10,5
1970/2/12,12
1970/2/13,10
1970/2/15,102
1970/2/18,4
1970/2/19,17
1970/2/21,47
1970/3/6,11
1970/3/14,38
1970/3/16,23
1970/3/22,3
1970/3/26,6
1970/4/1,106
1970/4/2,3
1970/4/21,46
1970/4/25,19
1970/4/28,8
1970/5/2,23
1970/5/4,13
1970/5/6,5
1970/5/9,7
1970/5/15,11
1970/5/22,6
1970/5/26,6
1970/5/30,1
1970/6/1,13
1970/6/2,1
1970/6/10,5
1970/7/3,117
1970/7/5,109
1970/7/18,23
1970/7/24,7
1970/7/27,4
1970/7/30,37
1970/8/3,10
1970/8/6,30
1970/8/9,99
1970/8/12,14
1970/8/26,30
1970/8/29,39
1970/8/30,3
1970/9/2,37
1970/9/3,22
1970/9/8,11
1970/9/9,1
1970/9/22,4
1970/9/26,8
1970/9/30,38
1970/10/1,8
1970/10/2,73
1970/10/4,2
1970/10/6,3
1970/10/10,3
1970/10/16,2
1970/10/28,2
1970/11/14,75
1970/11/24,18
1970/11/27,126
1970/11/29,42
1970/12/2,4
1970/12/5,5
1970/12/7,18
1970/12/19,25
1970/12/28,2
1970/12/30,7
1970/12/31,124
1971/1/2,16
1971/1/9,2
1971/1/18,45
1971/1/21,56
1971/1/22,13
1971/1/23,2
1971/1/25,18
1971/1/31,7
1971/2/7,3
1971/2/17,12
1971/3/26,15
1971/3/31,69
1971/4/15,39
1971/4/20,2
1971/4/21,8
1971/4/22,4
1971/5/6,12
1971/5/11,5
1971/5/12,2
1971/5/23,78
1971/5/26,11
1971/5/28,6
1971/6/6,50
1971/6/7,28
1971/6/13,24
1971/6/17,6
1971/6/27,17
1971/7/3,68
1971/7/21,3
1971/7/24,6
1971/7/25,101
1971/7/30,200
1971/8/7,100
1971/8/12,2
1971/8/18,37
1971/8/19,3
1971/8/28,32
1971/9/4,111
1971/9/6,22
1971/9/15,5
1971/9/16,54
1971/9/28,32
1971/10/2,63
1971/10/13,20
1971/10/16,16
1971/10/17,20
1971/10/21,16
1971/10/23,31
1971/10/24,4
1971/11/9,52
1971/11/10,69
1971/11/12,47
1971/11/21,25
1971/11/28,34
1971/12/1,57
1971/12/4,2
1971/12/6,10
1971/12/9,21
1971/12/21,28
1971/12/24,91
1972/1/6,23
1972/1/7,104
1972/1/18,3
1972/1/21,60
1972/1/26,27
1972/2/1,6
1972/2/4,3
1972/2/5,19
1972/2/11,23
1972/2/16,2
1972/2/19,5
1972/2/20,4
1972/2/22,8
1972/3/3,16
1972/3/13,5
1972/3/14,112
1972/3/19,22
1972/3/28,14
1972/4/6,2
1972/4/12,25
1972/4/16,18
1972/4/17,3
1972/4/18,43
1972/4/20,6
1972/4/24,4
1972/4/26,6
1972/5/4,18
1972/5/5,115
1972/5/8,7
1972/5/10,34
1972/5/19,9
1972/5/21,22
1972/5/27,8
1972/5/29,20
1972/5/30,4
1972/6/1,2
1972/6/3,16
1972/6/5,32
1972/6/13,50
1972/6/14,82
1972/6/15,81
1972/6/18,257
1972/6/24,5
1972/6/25,3
1972/6/29,20
1972/6/30,2
1972/7/5,3
1972/7/6,10
1972/7/11,71
1972/7/20,1
1972/7/29,38
1972/8/12,48
1972/8/14,156
1972/8/16,26
1972/8/27,34
1972/8/28,25
1972/8/31,101
1972/9/1,4
1972/9/7,1
1972/9/10,11
1972/9/13,31
1972/9/24,10
1972/9/30,1
1972/10/2,118
1972/10/12,2
1972/10/13,203
1972/10/16,4
1972/10/21,37
1972/10/23,1
1972/10/27,60
1972/10/30,27
1972/10/31,22
1972/11/4,35
1972/11/17,11
1972/11/28,62
1972/11/29,2
1972/12/3,155
1972/12/5,18
1972/12/6,3
1972/12/8,69
1972/12/15,2
1972/12/20,10
1972/12/21,27
1972/12/23,40
1972/12/29,103
1972/12/31,5
1973/1/2,5
1973/1/19,4
1973/1/22,220
1973/1/27,6
1973/1/29,37
1973/1/31,2
1973/2/12,4
1973/2/19,71
1973/2/21,132
1973/2/22,2
1973/2/24,79
1973/2/28,78
1973/3/3,25
1973/3/5,71
1973/3/7,4
1973/3/15,8
1973/3/19,62
1973/4/10,108
1973/4/12,31
1973/4/18,4
1973/4/19,6
1973/5/11,65
1973/5/16,2
1973/5/18,100
1973/5/19,11
1973/5/29,4
1973/5/31,48
1973/6/1,23
1973/6/3,6
1973/6/9,2
1973/6/20,27
1973/6/30,5
1973/7/11,123
1973/7/22,78
1973/7/23,38
1973/7/24,5
1973/7/31,89
1973/8/4,5
1973/8/13,85
1973/8/15,10
1973/8/18,56
1973/8/22,16
1973/8/27,42
1973/8/28,25
1973/9/4,4
1973/9/8,6
1973/9/9,4
1973/9/11,41
1973/9/20,6
1973/9/24,2
1973/9/25,3
1973/9/27,11
1973/9/30,117
1973/10/2,10
1973/10/4,8
1973/10/12,8
1973/10/13,119
1973/10/15,7
1973/10/23,8
1973/10/29,4
1973/10/31,2
1973/11/2,6
1973/11/3,4
1973/11/17,27
1973/12/7,13
1973/12/9,8
1973/12/11,10
1973/12/16,51
1973/12/17,30
1973/12/18,2
1973/12/21,26
1973/12/22,106
1973/12/23,17
1973/12/28,1
1974/1/1,38
1974/1/6,40
1974/1/9,31
1974/1/10,24
1974/1/17,14
1974/1/25,6
1974/1/26,66
1974/1/27,3
1974/1/28,4
1974/1/30,96
1974/2/2,1
1974/2/9,35
1974/2/10,2
1974/2/22,1
1974/2/23,7
1974/2/28,10
1974/3/3,346
1974/3/8,18
1974/3/11,4
1974/3/13,36
1974/3/15,15
1974/4/4,78
1974/4/11,11
1974/4/22,107
1974/4/24,1
1974/4/27,118
1974/4/30,6
1974/5/2,22
1974/5/6,3
1974/5/23,32
1974/5/31,2
1974/6/8,44
1974/6/27,19
1974/6/30,5
1974/7/24,3
1974/7/27,5
1974/8/5,5
1974/8/9,9
1974/8/11,47
1974/8/12,27
1974/8/13,4
1974/8/14,48
1974/8/18,38
1974/9/7,35
1974/9/8,88
1974/9/11,70
1974/9/15,75
1974/9/19,5
1974/9/22,2
1974/10/1,6
1974/10/2,2
1974/10/9,3
1974/10/10,6
1974/10/13,6
1974/10/17,5
1974/10/19,1
1974/10/22,2
1974/10/24,4
1974/10/27,4
1974/10/28,2
1974/10/30,32
1974/11/7,3
1974/11/15,5
1974/11/20,61
1974/11/22,4
1974/12/1,95
1974/12/4,191
1974/12/11,5
1974/12/12,54
1974/12/14,7
1974/12/22,77
1974/12/26,4
1974/12/29,33
1975/1/3,70
1975/1/5,3
1975/1/6,12
1975/1/8,21
1975/1/9,14
1975/1/13,5
1975/1/15,9
1975/1/16,16
1975/1/30,43
1975/2/1,7
1975/2/3,32
1975/2/9,40
1975/2/16,3
1975/2/22,5
1975/2/27,15
1975/3/5,2
1975/3/12,26
1975/3/16,55
1975/3/18,5
1975/3/20,16
1975/4/4,155
1975/4/22,3
1975/4/28,2
1975/5/3,3
1975/5/10,2
1975/5/12,6
1975/5/13,23
1975/6/3,1
1975/6/17,1
1975/6/24,113
1975/6/26,2
1975/6/30,3
1975/7/2,8
1975/7/3,10
1975/7/10,4
1975/7/15,45
1975/7/26,6
1975/7/31,38
1975/8/3,208
1975/8/7,0
1975/8/15,28
1975/8/20,126
1975/8/25,2
1975/8/30,30
1975/9/1,26
1975/9/11,1
1975/9/24,25
1975/9/30,71
1975/10/23,11
1975/10/26,2
1975/10/27,67
1975/10/30,75
1975/11/3,9
1975/11/7,4
1975/11/9,3
1975/11/17,38
1975/11/18,15
1975/11/20,19
1975/11/22,8
1975/11/25,20
1975/11/29,6
1975/11/30,2
1975/12/21,9
1975/12/26,9
1976/1/1,82
1976/1/3,67
1976/1/6,4
1976/1/8,7
1976/1/15,16
1976/1/18,7
1976/1/20,34
1976/1/21,40
1976/1/22,9
1976/1/30,6
1976/2/3,2
1976/2/4,3
1976/2/6,7
1976/2/8,3
1976/2/9,24
1976/2/21,5
1976/3/1,6
1976/3/2,19
1976/3/6,120
1976/3/7,6
1976/3/18,5
1976/4/2,5
1976/4/5,1
1976/4/8,9
1976/4/14,34
1976/4/15,6
1976/4/23,12
1976/4/27,42
1976/5/4,11
1976/5/5,4
1976/5/9,17
1976/5/15,52
1976/5/18,6
1976/5/23,14
1976/6/1,46
1976/6/4,45
1976/6/6,12
1976/6/10,2
1976/6/27,7
1976/7/5,17
1976/7/24,5
1976/7/27,2
1976/7/28,76
1976/8/1,3
1976/8/2,5
1976/8/9,11
1976/8/15,59
1976/8/25,3
1976/8/28,48
1976/9/2,3
1976/9/3,78
1976/9/9,90
1976/9/10,176
1976/9/19,154
1976/9/22,5
1976/9/26,15
1976/10/4,4
1976/10/6,73
1976/10/9,4
1976/10/13,98
1976/10/20,4
1976/10/25,32
1976/10/28,2
1976/11/4,29
1976/11/5,2
1976/11/12,5
1976/11/23,56
1976/11/28,72
1976/11/29,2
1976/12/12,3
1976/12/17,48
1976/12/25,53
1976/12/28,6
1976/12/31,19
1977/1/6,4
1977/1/13,101
1977/1/14,12
1977/1/15,22
1977/1/20,1
1977/1/27,6
1977/2/11,5
1977/2/15,77
1977/2/28,4
1977/3/1,20
1977/3/3,44
1977/3/4,7
1977/3/27,583
1977/3/29,15
1977/3/30,8
1977/4/4,62
1977/4/10,35
1977/4/19,21
1977/4/27,28
1977/5/10,54
1977/5/13,9
1977/5/14,6
1977/5/16,4
1977/5/27,68
1977/5/31,3
1977/6/3,18
1977/6/20,5
1977/6/21,16
1977/7/6,3
1977/7/8,6
1977/7/14,30
1977/7/20,5
1977/7/21,1
1977/7/24,38
1977/7/25,30
1977/8/1,2
1977/8/7,6
1977/8/11,4
1977/8/12,4
1977/8/20,6
1977/8/25,2
1977/9/2,7
1977/9/4,33
1977/9/6,13
1977/9/8,19
1977/9/12,4
1977/9/14,20
1977/9/22,29
1977/9/23,6
1977/9/27,34
1977/10/1,7
1977/10/10,2
1977/10/20,6
1977/10/21,24
1977/11/3,14
1977/11/19,136
1977/11/21,48
1977/11/26,34
1977/11/29,2
1977/12/2,59
1977/12/4,100
1977/12/8,17
1977/12/9,17
1977/12/11,13
1977/12/13,29
1977/12/14,2
1977/12/18,39
1977/12/19,5
1977/12/21,8
1977/12/22,2
1977/12/24,10
1977/12/29,24
1978/1/1,213
1978/1/6,2
1978/1/24,2
1978/1/27,14
1978/1/31,2
1978/2/10,61
1978/2/11,42
1978/2/18,4
1978/2/27,3
1978/2/28,7
1978/3/1,4
1978/3/2,18
1978/3/3,47
1978/3/7,2
1978/3/14,2
1978/3/16,73
1978/3/22,6
1978/3/25,48
1978/3/26,4
1978/4/4,3
1978/4/5,2
1978/4/20,2
1978/4/23,9
1978/4/27,10
1978/4/29,8
1978/5/8,3
1978/5/18,13
1978/5/19,4
1978/6/23,10
1978/6/26,20
1978/7/24,5
1978/8/14,18
1978/8/25,18
1978/8/26,14
1978/8/30,10
1978/9/2,4
1978/9/3,64
1978/9/9,27
1978/9/13,6
1978/9/14,21
1978/9/17,3
1978/9/25,140
1978/9/26,6
1978/10/3,17
1978/10/7,38
1978/10/8,2
1978/10/22,11
1978/10/23,26
1978/10/24,4
1978/10/31,9
1978/11/5,18
1978/11/13,2
1978/11/15,183
1978/11/16,2
1978/11/18,15
1978/11/19,77
1978/11/21,27
1978/11/25,5
1978/11/28,3
1978/12/4,2
1978/12/16,10
1978/12/17,1
1978/12/19,2
1978/12/21,2
1978/12/23,108
1978/12/26,10
1978/12/28,10
1979/1/11,5
1979/1/15,13
1979/1/18,3
1979/1/19,4
1979/1/24,14
1979/1/27,5
1979/2/5,3
1979/2/8,18
1979/2/12,61
1979/2/17,2
1979/2/19,5
1979/2/26,6
1979/3/1,8
1979/3/2,4
1979/3/6,4
1979/3/10,3
1979/3/14,57
1979/3/17,86
1979/3/20,29
1979/3/22,6
1979/3/26,10
1979/3/29,17
1979/4/12,3
1979/4/14,1
1979/4/18,3
1979/4/23,57
1979/4/25,4
1979/5/25,274
1979/5/27,12
1979/5/30,17
1979/6/7,27
1979/6/9,2
1979/6/17,1
1979/7/11,61
1979/7/12,16
1979/7/20,3
1979/7/23,6
1979/7/24,8
1979/7/31,17
1979/8/2,1
1979/8/3,14
1979/8/4,51
1979/8/9,3
1979/8/11,183
1979/8/22,1
1979/8/23,11
1979/8/29,72
1979/9/3,50
1979/9/11,6
1979/9/14,43
1979/9/18,4
1979/9/19,5
1979/9/30,2
1979/10/3,3
1979/10/8,26
1979/10/22,2
1979/10/27,10
1979/10/28,10
1979/10/31,72
1979/11/1,3
1979/11/2,5
1979/11/12,3
1979/11/15,0
1979/11/16,3
1979/11/18,3
1979/11/26,159
1979/11/28,257
1979/11/30,9
1979/12/3,4
1979/12/9,7
1979/12/12,10
1979/12/19,19
1979/12/22,29
1979/12/23,56
1980/1/2,9
1980/1/11,2
1980/1/14,7
1980/1/21,128
1980/1/23,13
1980/1/24,43
1980/2/3,1
1980/2/21,19
1980/2/22,46
1980/2/27,2
1980/3/14,105
1980/3/21,21
1980/3/24,6
1980/3/30,9
1980/4/12,55
1980/4/24,5
1980/4/25,146
1980/4/27,44
1980/5/13,10
1980/5/19,2
1980/5/28,11
1980/6/2,13
1980/6/8,29
1980/6/12,42
1980/6/15,2
1980/6/27,81
1980/7/7,179
1980/7/12,8
1980/7/21,8
1980/7/25,3
1980/8/1,3
1980/8/3,2
1980/8/6,13
1980/8/7,1
1980/8/11,3
1980/8/13,4
1980/8/19,301
1980/8/26,37
1980/9/5,8
1980/9/10,3
1980/9/12,34
1980/9/14,36
1980/9/15,89
1980/9/17,36
1980/9/22,3
1980/9/30,45
1980/10/24,3
1980/11/4,11
1980/11/12,13
1980/11/17,4
1980/11/19,15
1980/11/24,20
1980/11/28,2
1980/12/5,10
1980/12/7,4
1980/12/12,4
1980/12/16,2
1980/12/21,70
1980/12/23,2
1981/1/14,11
1981/1/20,7
1981/1/27,2
1981/2/7,52
1981/2/10,4
1981/2/11,8
1981/2/22,2
1981/2/24,11
1981/2/25,2
1981/2/26,23
1981/3/2,2
1981/3/10,18
1981/3/15,6
1981/3/26,1
1981/3/27,4
1981/4/1,8
1981/4/6,7
1981/4/7,1
1981/4/17,15
1981/4/28,15
1981/5/6,21
1981/5/7,31
1981/5/16,4
1981/5/21,20
1981/5/22,18
1981/5/24,27
1981/5/28,2
1981/5/29,17
1981/6/13,54
1981/6/17,2
1981/6/26,3
1981/6/30,5
1981/7/18,4
1981/7/20,50
1981/7/23,4
1981/7/24,19
1981/7/25,4
1981/7/27,30
1981/8/11,6
1981/8/22,110
1981/8/24,31
1981/8/27,50
1981/8/29,3
1981/9/2,21
1981/9/18,33
1981/9/21,7
1981/9/22,0
1981/9/29,60
1981/10/1,3
1981/10/6,17
1981/10/15,9
1981/10/26,5
1981/10/31,1
1981/11/8,18
1981/11/15,4
1981/11/16,99
1981/11/19,10
1981/11/30,3
1981/12/1,180
1981/12/5,11
1981/12/10,4
1981/12/15,2
1981/12/16,12
1981/12/18,13
1981/12/31,4
1982/1/7,20
1982/1/13,74
1982/1/14,73
1982/1/23,2
1982/1/25,7
1982/2/3,35
1982/2/6,53
1982/2/7,23
1982/2/9,27
1982/2/19,4
1982/2/21,1
1982/3/11,15
1982/3/19,30
1982/3/20,27
1982/3/26,21
1982/4/11,3
1982/4/13,27
1982/4/26,112
1982/4/28,2
1982/4/30,13
1982/5/9,47
1982/5/12,7
1982/5/19,21
1982/5/25,2
1982/5/28,10
1982/6/1,53
1982/6/8,137
1982/6/12,44
1982/6/22,17
1982/6/24,0
1982/6/28,132
1982/7/3,12
1982/7/6,90
1982/7/9,145
1982/7/11,4
1982/7/14,4
1982/7/23,0
1982/7/24,4
1982/8/4,2
1982/8/11,1
1982/8/12,8
1982/8/14,31
1982/8/20,10
1982/8/31,9
1982/9/1,44
1982/9/4,10
1982/9/11,46
1982/9/13,50
1982/9/17,4
1982/9/18,5
1982/9/21,4
1982/9/29,7
1982/10/20,8
1982/11/17,15
1982/11/23,2
1982/11/29,15
1982/11/30,22
1982/12/1,3
1982/12/7,2
1982/12/9,138
1982/12/15,2
1982/12/22,10
1982/12/23,16
1982/12/24,25
1983/1/9,1
1983/1/11,3
1983/1/14,10
1983/1/16,47
1983/2/13,6
1983/2/23,2
1983/3/9,11
1983/3/10,19
1983/3/11,23
1983/3/24,4
1983/3/30,2
1983/4/3,8
1983/4/7,2
1983/4/16,8
1983/4/19,35
1983/4/26,11
1983/4/29,8
1983/4/30,14
1983/5/5,30
1983/6/2,26
1983/6/5,7
1983/6/6,47
1983/6/16,14
1983/6/21,7
1983/6/25,2
1983/6/28,6
1983/7/1,23
1983/7/11,119
1983/7/16,20
1983/7/23,0
1983/7/26,7
1983/8/5,2
1983/8/11,2
1983/8/17,10
1983/8/27,7
1983/8/28,12
1983/8/30,90
1983/9/1,269
1983/9/2,9
1983/9/14,11
1983/9/23,114
1983/9/28,10
1983/10/5,4
1983/10/7,7
1983/10/8,9
1983/10/11,10
1983/10/28,1
1983/11/8,130
1983/11/23,4
1983/11/26,8
1983/11/27,181
1983/11/28,53
1983/12/7,93
1983/12/9,4
1983/12/14,3
1983/12/17,2
1983/12/24,44
1984/1/2,13
1984/1/9,1
1984/1/10,50
1984/1/13,1
1984/1/24,6
1984/1/28,4
1984/1/30,3
1984/2/16,26
1984/2/19,28
1984/2/20,2
1984/2/24,7
1984/2/27,12
1984/2/28,18
1984/3/5,3
1984/3/13,4
1984/3/16,23
1984/3/24,34
1984/3/31,6
1984/4/4,4
1984/4/18,19
1984/5/8,2
1984/5/15,12
1984/5/30,4
1984/6/4,3
1984/6/19,3
1984/6/28,18
1984/7/1,9
1984/7/11,30
1984/7/12,9
1984/7/21,5
1984/7/25,5
1984/8/2,9
1984/8/5,73
1984/8/8,9
1984/8/11,3
1984/8/15,2
1984/8/24,17
1984/8/30,2
1984/9/6,9
1984/9/7,1
1984/9/11,30
1984/9/16,11
1984/9/18,4
1984/9/21,50
1984/9/26,2
1984/10/2,3
1984/10/9,7
1984/10/11,178
1984/10/27,20
1984/10/28,240
1984/10/31,4
1984/11/19,1
1984/11/20,14
1984/12/4,10
1984/12/6,13
1984/12/11,2
1984/12/17,4
1984/12/19,21
1984/12/22,15
1984/12/23,110
1985/1/1,29
1985/1/9,3
1985/1/18,38
1985/1/19,38
1985/1/20,3
1985/1/21,70
1985/1/22,21
1985/1/23,40
1985/2/1,62
1985/2/4,9
1985/2/6,2
1985/2/9,4
1985/2/16,9
1985/2/19,148
1985/2/22,50
1985/2/25,3
1985/3/12,6
1985/3/28,46
1985/4/11,7
1985/4/13,4
1985/4/15,11
1985/4/16,0
1985/4/19,6
1985/4/20,6
1985/5/3,76
1985/5/6,17
1985/5/15,5
1985/5/16,2
1985/5/21,2
1985/5/28,2
1985/5/31,2
1985/6/14,1
1985/6/23,346
1985/6/28,2
1985/7/10,200
1985/7/19,2
1985/7/24,80
1985/8/2,134
1985/8/12,528
1985/8/15,3
1985/8/20,3
1985/8/22,55
1985/8/25,8
1985/8/27,7
1985/8/30,3
1985/9/4,52
1985/9/6,31
1985/9/22,26
1985/9/23,14
1985/9/25,9
1985/9/29,17
1985/10/4,8
1985/10/9,2
1985/10/10,2
1985/10/11,17
1985/10/12,4
1985/10/22,4
1985/11/1,2
1985/11/15,4
1985/11/16,4
1985/11/21,11
1985/11/24,60
1985/11/25,22
1985/12/12,256
1985/12/30,25
1985/12/31,7
1986/1/18,87
1986/1/21,3
1986/1/28,1
1986/1/29,21
1986/2/5,2
1986/2/16,13
1986/3/2,38
1986/3/3,8
1986/3/13,3
1986/3/20,2
1986/3/22,19
1986/3/24,4
1986/3/25,9
1986/3/27,0
1986/3/30,49
1986/3/31,167
1986/4/2,15
1986/4/27,13
1986/5/1,37
1986/5/3,44
1986/5/17,7
1986/5/18,19
1986/5/24,13
1986/6/10,23
1986/6/12,1
1986/6/17,4
1986/6/18,25
1986/6/22,1
1986/7/2,54
1986/7/10,17
1986/7/26,3
1986/8/4,13
1986/8/14,59
1986/8/16,60
1986/8/21,6
1986/8/28,9
1986/8/31,67
1986/9/3,6
1986/9/5,16
1986/9/9,3
1986/9/14,1
1986/9/19,5
1986/10/3,13
1986/10/4,3
1986/10/14,14
1986/10/15,14
1986/10/16,2
1986/10/19,34
1986/10/20,70
1986/10/22,2
1986/10/23,13
1986/10/30,21
1986/11/2,103
1986/11/6,45
1986/11/25,40
1986/12/12,70
1986/12/15,6
1986/12/25,63
1986/12/27,11
1987/1/2,22
1987/1/3,50
1987/1/12,1
1987/1/13,54
1987/1/15,10
1987/1/16,10
1987/1/30,16
1987/2/5,11
1987/2/6,14
1987/2/9,36
1987/2/14,1
1987/3/4,9
1987/3/6,9
1987/3/13,6
1987/3/21,2
1987/3/27,3
1987/3/30,40
1987/4/1,2
1987/4/2,10
1987/4/4,27
1987/4/13,4
1987/4/23,2
1987/5/5,13
1987/5/8,2
1987/5/9,183
1987/5/11,2
1987/5/13,2
1987/5/19,14
1987/5/23,8
1987/5/25,6
1987/5/30,2
1987/6/5,10
1987/6/11,53
1987/6/18,46
1987/6/19,8
1987/6/21,45
1987/6/26,50
1987/7/1,4
1987/7/24,1
1987/7/30,5
1987/7/31,2
1987/8/4,2
1987/8/16,154
1987/8/18,4
1987/8/31,83
1987/9/8,9
1987/9/13,15
1987/9/21,8
1987/10/11,51
1987/10/15,37
1987/10/19,9
1987/11/4,4
1987/11/6,10
1987/11/10,2
1987/11/15,28
1987/11/23,18
1987/11/27,2
1987/11/28,159
1987/11/29,115
1987/12/3,14
1987/12/7,43
1987/12/8,43
1987/12/13,15
1987/12/14,29
1987/12/21,31
1987/12/22,2
1987/12/23,14
1987/12/30,17
1988/1/2,16
1988/1/8,2
1988/1/18,128
1988/1/19,19
1988/1/24,27
1988/2/1,16
1988/2/3,3
1988/2/8,21
1988/2/19,12
1988/2/27,35
1988/3/1,17
1988/3/4,23
1988/3/6,11
1988/3/8,17
1988/3/17,143
1988/3/31,4
1988/4/5,2
1988/4/10,29
1988/4/12,24
1988/4/16,6
1988/4/19,17
1988/4/27,29
1988/4/28,1
1988/5/6,36
1988/5/18,3
1988/5/24,0
1988/5/26,8
1988/6/3,11
1988/6/8,6
1988/6/12,22
1988/6/18,21
1988/6/26,3
1988/7/3,290
1988/7/6,8
1988/7/20,3
1988/7/21,6
1988/7/26,1
1988/7/30,3
1988/8/2,31
1988/8/15,39
1988/8/17,30
1988/8/19,6
1988/8/23,5
1988/8/26,4
1988/8/28,3
1988/8/31,42
1988/9/5,1
1988/9/9,76
1988/9/12,7
1988/9/15,37
1988/9/19,34
1988/10/2,8
1988/10/4,6
1988/10/7,42
1988/10/11,6
1988/10/16,5
1988/10/17,33
1988/10/19,158
1988/10/25,12
1988/11/2,1
1988/11/13,4
1988/11/14,6
1988/11/17,7
1988/11/18,4
1988/11/30,14
1988/12/7,6
1988/12/8,5
1988/12/10,25
1988/12/11,77
1988/12/14,8
1988/12/17,10
1988/12/21,259
1989/1/8,47
1989/1/12,2
1989/1/17,5
1989/1/29,11
1989/1/31,19
1989/2/3,26
1989/2/6,3
1989/2/8,144
1989/2/9,5
1989/2/19,14
1989/2/24,9
1989/2/25,10
1989/2/28,2
1989/3/10,34
1989/3/15,2
1989/3/18,2
1989/3/20,19
1989/3/21,3
1989/4/10,22
1989/4/19,11
1989/4/26,5
1989/5/5,6
1989/5/6,1
1989/5/8,16
1989/5/9,10
1989/6/7,176
1989/6/11,17
1989/6/17,20
1989/6/18,6
1989/6/22,62
1989/6/27,12
1989/6/28,33
1989/6/29,2
1989/7/19,124
1989/7/21,4
1989/7/23,30
1989/7/26,42
1989/7/27,88
1989/7/31,3
1989/8/3,34
1989/8/7,16
1989/8/8,10
1989/8/13,2
1989/8/15,34
1989/8/21,3
1989/8/25,54
1989/8/28,5
1989/9/3,139
1989/9/8,55
1989/9/15,28
1989/9/19,171
1989/9/20,4
1989/9/21,50
1989/9/23,11
1989/9/26,13
1989/9/27,10
1989/9/28,9
1989/10/4,4
1989/10/6,5
1989/10/10,17
1989/10/18,57
1989/10/20,25
1989/10/21,127
1989/10/26,54
1989/10/27,36
1989/10/28,20
1989/11/9,2
1989/11/10,18
1989/11/14,4
1989/11/21,34
1989/11/23,24
1989/11/25,1
1989/11/27,112
1989/11/28,11
1989/12/1,5
1989/12/21,24
1989/12/26,6
1989/12/28,7
1989/12/30,5
1990/1/2,9
1990/1/13,27
1990/1/15,23
1990/1/17,1
1990/1/18,2
1990/1/23,25
1990/1/25,92
1990/1/27,28
1990/1/29,3
1990/2/5,15
1990/2/12,2
1990/2/14,92
1990/2/17,29
1990/2/27,1
1990/3/1,0
1990/3/5,30
1990/3/8,2
1990/3/12,11
1990/3/21,3
1990/3/23,4
1990/3/27,36
1990/4/6,2
1990/4/12,5
1990/4/18,20
1990/4/20,20
1990/4/26,7
1990/4/30,11
1990/5/5,3
1990/5/10,20
1990/5/11,29
1990/5/18,21
1990/6/6,25
1990/6/10,0
1990/6/25,5
1990/7/2,5
1990/7/5,8
1990/7/12,2
1990/7/27,30
1990/7/31,9
1990/8/1,47
1990/8/10,83
1990/8/21,18
1990/8/27,5
1990/8/29,13
1990/9/3,3
1990/9/11,18
1990/9/12,8
1990/9/14,4
1990/9/20,12
1990/9/24,4
1990/10/2,258
1990/10/3,1
1990/10/19,4
1990/10/24,11
1990/11/11,9
1990/11/14,46
1990/11/18,16
1990/11/19,15
1990/11/21,38
1990/11/25,13
1990/12/3,8
1990/12/4,10
1990/12/6,10
1990/12/21,1
1991/1/10,21
1991/1/11,5
1991/1/30,1
1991/1/31,13
1991/2/1,34
1991/2/5,63
1991/2/7,4
1991/2/13,3
1991/2/14,22
1991/2/17,2
1991/2/20,20
1991/2/22,47
1991/3/3,25
1991/3/5,45
1991/3/11,6
1991/3/16,19
1991/3/18,12
1991/3/21,125
1991/3/23,34
1991/3/25,28
1991/4/1,8
1991/4/4,11
1991/4/5,23
1991/4/19,11
1991/5/5,8
1991/5/9,13
1991/5/13,7
1991/5/15,13
1991/5/23,13
1991/5/24,4
1991/5/26,223
1991/6/1,2
1991/6/10,7
1991/6/20,2
1991/6/26,14
1991/7/4,3
1991/7/9,15
1991/7/10,13
1991/7/11,261
1991/7/22,3
1991/7/23,5
1991/7/25,9
1991/8/6,6
1991/8/14,15
1991/8/15,3
1991/8/16,69
1991/8/20,4
1991/8/28,3
1991/9/3,17
1991/9/11,14
1991/9/16,20
1991/9/17,4
1991/9/18,2
1991/9/23,1
1991/9/26,10
1991/9/27,15
1991/9/29,1
1991/10/5,134
1991/10/8,1
1991/10/13,12
1991/10/25,20
1991/10/30,5
1991/11/1,40
1991/11/7,51
1991/11/11,15
1991/11/16,21
1991/11/20,26
1991/11/21,20
1991/11/25,1
1991/11/26,41
1991/11/29,20
1991/12/10,5
1991/12/11,9
1991/12/22,27
1991/12/27,5
1991/12/29,5
1992/1/3,2
1992/1/13,2
1992/1/20,87
1992/1/27,7
1992/1/28,47
1992/2/3,12
1992/2/6,5
1992/2/9,30
1992/2/15,3
1992/2/20,1
1992/3/2,5
1992/3/12,5
1992/3/22,37
1992/3/24,7
1992/4/4,1
1992/4/7,3
1992/4/10,7
1992/4/15,11
1992/4/16,46
1992/4/17,4
1992/4/22,25
1992/4/26,39
1992/4/28,9
1992/6/6,47
1992/6/7,5
1992/6/8,3
1992/6/12,2
1992/6/19,16
1992/6/22,13
1992/6/28,4
1992/7/5,19
1992/7/13,1
1992/7/14,86
1992/7/20,24
1992/7/24,78
1992/7/27,4
1992/7/28,6
1992/7/29,4
1992/7/30,0
1992/7/31,221
1992/8/21,10
1992/8/25,3
1992/8/27,107
1992/8/31,3
1992/9/7,12
1992/9/10,1
1992/9/12,10
1992/9/16,7
1992/9/18,3
1992/9/19,11
1992/9/21,10
1992/9/26,158
1992/9/28,167
1992/10/4,4
1992/10/7,6
1992/10/8,14
1992/10/9,1
1992/10/18,31
1992/10/19,15
1992/10/21,8
1992/10/29,13
1992/10/31,3
1992/11/8,3
1992/11/11,53
1992/11/14,30
1992/11/15,34
1992/11/19,3
1992/11/24,141
1992/11/30,13
1992/12/9,9
1992/12/13,37
1992/12/14,61
1992/12/21,56
1992/12/22,157
1993/1/3,4
1993/1/6,4
1993/1/9,17
1993/1/13,2
1993/1/14,2
1993/1/27,3
1993/1/31,16
1993/2/8,133
1993/2/10,30
1993/2/20,2
1993/2/28,6
1993/3/5,83
1993/3/14,4
1993/3/19,3
1993/3/23,6
1993/3/31,0
1993/4/1,7
1993/4/2,11
1993/4/6,2
1993/4/19,8
1993/4/23,40
1993/4/26,56
1993/4/27,106
1993/4/28,2
1993/5/11,2
1993/5/15,3
1993/5/19,132
1993/6/6,2
1993/6/7,11
1993/6/9,9
1993/6/16,1
1993/6/17,40
1993/7/1,41
1993/7/6,23
1993/7/12,4
1993/7/23,55
1993/7/26,68
1993/7/30,1
1993/7/31,19
1993/8/7,4
1993/8/18,0
1993/8/26,24
1993/8/28,82
1993/9/14,2
1993/9/21,27
1993/9/22,106
1993/9/23,1
1993/10/4,60
1993/10/25,9
1993/10/26,2
1993/10/27,7
1993/11/6,5
1993/11/10,7
1993/11/13,12
1993/11/15,17
1993/11/20,116
1993/11/21,13
1993/12/1,18
1993/12/3,7
1993/12/9,3
1993/12/13,18
1993/12/15,34
1993/12/26,36
1994/1/3,124
1994/1/5,10
1994/1/7,5
1994/1/18,2
1994/2/24,13
1994/2/25,32
1994/3/2,0
1994/3/8,4
1994/3/9,1
1994/3/14,8
1994/3/17,32
1994/3/18,4
1994/3/21,6
1994/3/23,79
1994/4/3,5
1994/4/4,3
1994/4/6,29
1994/4/14,26
1994/4/25,11
1994/4/26,264
1994/4/27,8
1994/4/29,8
1994/5/7,8
1994/5/23,4
1994/5/28,7
1994/6/2,29
1994/6/6,160
1994/6/13,9
1994/6/18,24
1994/6/22,9
1994/6/26,17
1994/6/29,50
1994/6/30,7
1994/7/1,80
1994/7/2,37
1994/7/11,3
1994/7/14,3
1994/7/17,11
1994/7/19,21
1994/7/26,18
1994/8/5,47
1994/8/7,6
1994/8/10,0
1994/8/11,3
1994/8/12,3
1994/8/14,3
1994/8/21,44
1994/9/8,132
1994/9/13,3
1994/9/17,3
1994/9/18,5
1994/9/23,6
1994/9/26,28
1994/9/28,1
1994/9/29,8
1994/9/30,8
1994/10/2,9
1994/10/8,10
1994/10/12,66
1994/10/14,21
1994/10/26,22
1994/10/29,30
1994/10/31,68
1994/11/1,14
1994/11/4,4
1994/11/5,6
1994/11/16,1
1994/11/22,2
1994/11/25,22
1994/12/10,6
1994/12/13,15
1994/12/15,2
1994/12/17,35
1994/12/21,5
1994/12/26,3
1994/12/29,57
1995/1/5,12
1995/1/10,14
1995/1/11,57
1995/1/12,1
1995/1/14,5
1995/1/17,2
1995/1/20,13
1995/1/30,4
1995/2/13,8
1995/2/16,3
1995/3/16,9
1995/3/22,1
1995/3/29,6
1995/3/31,60
1995/4/17,8
1995/4/23,1
1995/4/27,3
1995/4/29,52
1995/5/1,8
1995/5/3,7
1995/5/9,9
1995/5/13,6
1995/5/24,12
1995/5/25,2
1995/5/29,6
1995/6/8,0
1995/6/9,5
1995/6/14,12
1995/6/16,13
1995/6/17,48
1995/6/24,16
1995/6/27,2
1995/6/30,4
1995/7/1,3
1995/7/7,6
1995/7/12,15
1995/7/17,1
1995/7/18,34
1995/7/25,2
1995/8/2,3
1995/8/9,75
1995/8/14,10
1995/8/21,10
1995/9/1,1
1995/9/2,15
1995/9/9,21
1995/9/11,3
1995/9/12,81
1995/9/13,5
1995/9/15,34
1995/9/16,2
1995/9/21,42
1995/9/22,24
1995/9/24,15
1995/9/27,8
1995/10/3,1
1995/10/4,15
1995/10/10,3
1995/10/22,13
1995/10/31,9
1995/11/9,53
1995/11/13,9
1995/11/22,63
1995/11/29,10
1995/11/30,2
1995/12/3,72
1995/12/5,54
1995/12/7,98
1995/12/8,20
1995/12/13,49
1995/12/18,141
1995/12/20,160
1995/12/22,2
1996/1/8,3
1996/1/18,14
1996/1/22,39
1996/1/29,5
1996/2/4,4
1996/2/5,4
1996/2/6,197
1996/2/11,20
1996/2/12,11
1996/2/16,2
1996/2/19,10
1996/2/26,91
1996/2/27,8
1996/2/29,123
1996/3/2,9
1996/3/9,23
1996/3/12,12
1996/3/13,8
1996/3/17,5
1996/4/3,35
1996/4/5,26
1996/4/11,3
1996/5/3,53
1996/5/9,2
1996/5/10,16
1996/5/11,111
1996/5/19,3
1996/6/6,10
1996/6/9,7
1996/6/12,18
1996/6/13,3
1996/6/21,2
1996/7/6,2
1996/7/9,20
1996/7/11,9
1996/7/15,34
1996/7/17,231
1996/7/20,4
1996/7/24,8
1996/8/12,2
1996/8/14,1
1996/8/17,9
1996/8/18,3
1996/8/19,12
1996/8/29,141
1996/9/13,2
1996/9/23,3
1996/9/25,32
1996/10/2,70
1996/10/3,6
1996/10/6,6
1996/10/8,2
1996/10/13,3
1996/10/20,8
1996/10/22,4
1996/10/26,5
1996/10/31,95
1996/11/1,16
1996/11/7,151
1996/11/12,349
1996/11/13,8
1996/11/14,14
1996/11/19,14
1996/11/22,10
1996/11/23,127
1996/11/26,1
1996/11/27,23
1996/11/30,14
1996/12/7,16
1996/12/9,2
1996/12/17,18
1996/12/21,4
1996/12/22,6
1996/12/24,24
1997/1/2,2
1997/1/7,3
1997/1/9,29
1997/1/29,1
1997/1/31,5
1997/2/1,25
1997/2/2,37
1997/2/4,73
1997/2/14,1
1997/2/19,5
1997/3/4,1
1997/3/7,4
1997/3/12,16
1997/3/13,88
1997/3/18,50
1997/4/1,3
1997/4/4,2
1997/4/10,5
1997/4/14,3
1997/4/15,6
1997/4/16,14
1997/4/19,15
1997/4/23,36
1997/5/8,35
1997/6/6,27
1997/6/10,7
1997/7/3,2
1997/7/5,4
1997/7/6,25
1997/7/9,1
1997/7/11,44
1997/7/12,4
1997/7/17,30
1997/7/18,2
1997/7/21,2
1997/7/29,1
1997/7/30,1
1997/8/6,229
1997/8/7,4
1997/8/10,18
1997/8/14,5
1997/8/15,2
1997/8/29,12
1997/9/3,65
1997/9/6,10
1997/9/12,22
1997/9/13,33
1997/9/26,234
1997/10/8,9
1997/10/9,8
1997/10/10,79
1997/10/12,1
1997/10/29,2
1997/10/30,3
1997/11/8,8
1997/12/5,23
1997/12/9,4
1997/12/13,10
1997/12/16,88
1997/12/17,70
1997/12/19,104
1997/12/20,5
1997/12/27,5
1997/12/28,1
1997/12/31,10
1998/1/9,1
1998/1/13,53
1998/1/27,16
1998/2/2,104
1998/2/3,0
1998/2/4,7
1998/2/5,5
1998/2/12,27
1998/2/16,196
1998/3/5,1
1998/3/7,1
1998/3/10,6
1998/3/18,13
1998/3/19,45
1998/3/22,0
1998/3/28,22
1998/3/31,2
1998/4/20,53
1998/5/5,75
1998/5/12,39
1998/5/25,31
1998/5/26,28
1998/6/18,11
1998/6/25,6
1998/7/13,8
1998/7/16,3
1998/7/17,10
1998/7/23,4
1998/7/27,4
1998/7/28,2
1998/7/29,5
1998/7/30,21
1998/8/4,5
1998/8/11,1
1998/8/19,5
1998/8/21,18
1998/8/23,11
1998/8/24,45
1998/8/29,70
1998/9/2,229
1998/9/9,5
1998/9/10,5
1998/9/14,3
1998/9/25,38
1998/9/28,1
1998/9/29,55
1998/10/2,1
1998/10/10,41
1998/10/21,3
1998/10/25,4
1998/11/1,11
1998/11/11,13
1998/11/17,9
1998/11/21,1
1998/11/23,2
1998/11/27,4
1998/12/2,1
1998/12/7,7
1998/12/11,102
1998/12/14,11
1998/12/17,1
1998/12/22,5
1998/12/26,14
1999/1/2,9
1999/1/12,2
1999/1/13,6
1999/1/16,3
1999/1/17,4
1999/1/21,28
1999/2/2,14
1999/2/3,11
1999/2/8,7
1999/2/12,1
1999/2/24,61
1999/2/25,4
1999/3/7,19
1999/3/18,8
1999/3/19,1
1999/4/7,11
1999/4/8,5
1999/4/15,3
1999/5/8,7
1999/5/24,5
1999/5/29,2
1999/6/1,11
1999/6/3,50
1999/6/9,8
1999/6/17,17
1999/6/25,1
1999/6/30,2
1999/7/1,1
1999/7/2,8
1999/7/4,5
1999/7/7,5
1999/7/9,4
1999/7/16,3
1999/7/20,16
1999/7/23,8
1999/7/24,17
1999/7/31,10
1999/8/7,18
1999/8/12,1
1999/8/22,3
1999/8/24,1
1999/8/26,2
1999/8/31,64
1999/9/1,12
1999/9/3,8
1999/9/5,18
1999/9/14,9
1999/9/17,5
1999/9/25,10
1999/10/2,12
1999/10/24,9
1999/10/25,6
1999/10/31,221
1999/11/9,18
1999/11/12,24
1999/11/26,4
1999/12/5,5
1999/12/6,9
1999/12/7,23
1999/12/9,14
1999/12/10,3
1999/12/11,35
1999/12/21,16
1999/12/22,4
1999/12/24,1
1999/12/25,32
1999/12/29,6
2000/1/5,1
2000/1/10,10
2000/1/13,22
2000/1/15,5
2000/1/25,4
2000/1/30,169
2000/1/31,88
2000/2/2,8
2000/2/5,6
2000/2/16,3
2000/3/5,0
2000/3/9,9
2000/3/17,12
2000/3/22,0
2000/3/24,6
2000/3/25,3
2000/4/1,1
2000/4/5,3
2000/4/19,157
2000/4/29,4
2000/5/2,2
2000/5/3,1
2000/5/10,6
2000/5/17,3
2000/5/21,19
2000/5/25,2
2000/5/31,8
2000/6/5,7
2000/6/14,5
2000/6/21,4
2000/6/22,44
2000/6/23,3
2000/6/27,5
2000/7/2,14
2000/7/8,19
2000/7/9,13
2000/7/13,1
2000/7/17,55
2000/7/19,2
2000/7/20,2
2000/7/21,7
2000/7/25,109
2000/7/26,13
2000/7/27,25
2000/8/2,6
2000/8/6,14
2000/8/9,11
2000/8/12,27
2000/8/14,2
2000/8/15,3
2000/8/23,143
2000/8/25,1
2000/8/26,10
2000/9/2,7
2000/9/4,8
2000/9/16,14
2000/9/18,5
2000/10/6,0
2000/10/8,3
2000/10/9,1
2000/10/10,2
2000/10/16,3
2000/10/19,8
2000/10/25,86
2000/10/31,127
2000/11/7,2
2000/11/9,1
2000/11/15,57
2000/11/20,1
2000/11/25,1
2000/12/11,6
2001/1/4,16
2001/1/8,9
2001/1/14,9
2001/1/23,2
2001/1/25,24
2001/1/27,10
2001/1/31,3
2001/2/8,5
2001/2/10,10
2001/2/27,2
2001/3/2,6
2001/3/3,22
2001/3/15,3
2001/3/17,16
2001/3/24,19
2001/3/26,3
2001/3/29,18
2001/4/2,1
2001/4/4,14
2001/4/7,16
2001/4/28,10
2001/5/16,34
2001/5/17,35
2001/5/22,7
2001/6/15,1
2001/7/4,145
2001/7/5,8
2001/7/12,13
2001/7/14,10
2001/7/30,6
2001/8/5,3
2001/8/10,6
2001/8/23,4
2001/8/24,2
2001/8/25,9
2001/8/29,4
2001/9/11,265
2001/9/12,19
2001/9/15,1
2001/9/18,9
2001/10/3,3
2001/10/4,78
2001/10/8,117
2001/10/10,20
2001/10/11,2
2001/10/13,3
2001/10/18,3
2001/11/12,260
2001/11/19,27
2001/11/22,2
2001/11/23,2
2001/11/24,24
2001/11/27,1
2001/11/28,3
2001/12/1,20
2001/12/10,2
2001/12/14,6
2001/12/16,16
2001/12/20,2
2001/12/26,8
2002/1/1,5
2002/1/4,5
2002/1/9,7
2002/1/14,3
2002/1/15,5
2002/1/16,1
2002/1/17,26
2002/1/19,6
2002/1/27,5
2002/1/28,92
2002/2/2,2
2002/2/12,117
2002/2/15,1
2002/2/21,17
2002/2/22,10
2002/3/9,3
2002/3/14,17
2002/3/15,1
2002/3/17,4
2002/4/1,4
2002/4/12,2
2002/4/15,128
2002/4/18,6
2002/4/19,3
2002/4/24,6
2002/4/28,8
2002/5/4,74
2002/5/7,126
2002/5/21,5
2002/5/25,231
2002/6/1,3
2002/6/2,20
2002/6/4,5
2002/6/11,1
2002/6/12,3
2002/7/1,71
2002/7/4,27
2002/7/12,4
2002/7/16,21
2002/7/17,4
2002/7/27,0
2002/7/28,14
2002/8/7,10
2002/8/15,5
2002/8/19,121
2002/8/22,18
2002/8/29,16
2002/8/30,24
2002/9/2,3
2002/9/4,2
2002/9/13,6
2002/9/14,2
2002/9/28,3
2002/10/1,12
2002/10/7,1
2002/10/23,1
2002/10/25,8
2002/11/6,20
2002/11/7,7
2002/11/8,2
2002/11/11,19
2002/11/28,1
2002/12/9,3
2002/12/13,8
2002/12/17,1
2002/12/21,2
2002/12/23,44
2002/12/25,1
2002/12/26,3
2002/12/27,1
2003/1/8,96
2003/1/9,46
2003/1/17,7
2003/1/24,3
2003/1/31,6
2003/2/7,8
2003/2/10,2
2003/2/16,3
2003/2/19,275
2003/2/20,17
2003/3/1,11
2003/3/6,102
2003/3/27,4
2003/3/28,3
2003/5/8,129
2003/5/26,75
2003/5/28,4
2003/6/1,2
2003/6/4,5
2003/6/6,8
2003/6/11,4
2003/6/15,4
2003/6/22,1
2003/6/25,10
2003/6/26,4
2003/6/30,4
2003/7/1,4
2003/7/5,5
2003/7/8,116
2003/7/13,6
2003/7/19,14
2003/7/23,5
2003/8/4,2
2003/8/8,1
2003/8/20,20
2003/8/24,21
2003/8/26,2
2003/9/11,8
2003/9/19,7
2003/9/20,7
2003/9/27,3
2003/10/3,6
2003/10/11,1
2003/10/26,5
2003/10/27,3
2003/10/29,1
2003/11/2,15
2003/11/8,6
2003/11/15,17
2003/11/29,21
2003/12/16,2
2003/12/18,3
2003/12/23,2
2003/12/25,140
2004/1/3,148
2004/1/13,37
2004/1/17,10
2004/1/28,1
2004/2/6,9
2004/2/10,43
2004/2/24,6
2004/3/1,4
2004/3/4,3
2004/3/10,4
2004/3/16,5
2004/3/18,6
2004/3/21,4
2004/5/2,7
2004/5/4,7
2004/5/5,3
2004/5/6,6
2004/5/11,7
2004/5/14,33
2004/5/18,8
2004/5/23,2
2004/5/25,3
2004/6/8,19
2004/6/11,4
2004/6/28,24
2004/7/2,6
2004/7/10,2
2004/7/12,1
2004/7/22,6
2004/7/29,2
2004/8/13,1
2004/8/17,2
2004/8/18,3
2004/8/21,25
2004/8/24,87
2004/8/27,1
2004/9/9,2
2004/9/11,17
2004/9/29,1
2004/10/5,4
2004/10/14,9
2004/10/15,3
2004/10/16,2
2004/10/19,13
2004/10/24,15
2004/11/18,3
2004/11/21,53
2004/11/22,3
2004/11/27,6
2004/11/28,3
2004/11/30,28
2004/12/6,2
2004/12/7,6
2004/12/10,16
2004/12/11,3
2005/1/13,30
2005/1/26,31
2005/1/27,2
2005/1/30,10
2005/2/3,111
2005/2/10,2
2005/2/16,8
2005/2/22,17
2005/3/8,2
2005/3/15,2
2005/3/16,28
2005/3/23,8
2005/3/26,8
2005/3/31,9
2005/4/12,18
2005/4/20,3
2005/4/28,13
2005/5/2,2
2005/5/5,10
2005/5/7,15
2005/5/16,10
2005/5/18,13
2005/5/25,27
2005/6/2,7
2005/7/16,60
2005/8/2,0
2005/8/6,16
2005/8/10,14
2005/8/14,121
2005/8/16,160
2005/8/23,40
2005/9/5,110
2005/9/9,14
2005/9/15,2
2005/9/16,4
2005/9/23,4
2005/10/4,2
2005/10/6,1
2005/10/22,117
2005/11/19,8
2005/12/6,94
2005/12/8,0
2005/12/10,108
2005/12/19,20
2005/12/23,23
2005/12/28,2
2006/1/2,0
2006/1/8,6
2006/1/9,11
2006/1/19,42
2006/1/21,3
2006/2/5,3
2006/2/8,1
2006/3/7,6
2006/3/9,6
2006/3/18,2
2006/3/24,5
2006/3/31,19
2006/4/10,14
2006/4/23,10
2006/4/24,2
2006/4/28,3
2006/5/3,113
2006/5/14,1
2006/5/23,0
2006/6/2,2
2006/6/3,40
2006/6/8,2
2006/6/11,5
2006/6/21,9
2006/6/30,1
2006/7/2,5
2006/7/7,5
2006/7/9,128
2006/7/10,45
2006/8/3,17
2006/8/4,1
2006/8/13,3
2006/8/22,170
2006/8/27,49
2006/9/1,29
2006/9/2,14
2006/9/11,12
2006/9/17,13
2006/9/29,154
2006/10/10,4
2006/10/19,15
2006/10/29,96
2006/11/17,12
2006/11/18,5
2006/11/27,38
2006/12/10,3
2006/12/14,2
2006/12/16,3
2007/1/1,102
2007/1/5,1
2007/1/9,34
2007/1/10,2
2007/1/12,2
2007/1/20,12
2007/1/25,0
2007/2/6,1
2007/2/7,3
2007/3/7,22
2007/3/8,4
2007/3/11,1
2007/3/14,4
2007/3/17,6
2007/3/23,11
2007/4/25,3
2007/4/27,18
2007/5/5,114
2007/5/6,9
2007/5/17,3
2007/5/24,13
2007/6/3,21
2007/6/4,6
2007/6/13,15
2007/6/16,6
2007/6/21,1
2007/6/25,22
2007/6/28,5
2007/7/5,5
2007/7/8,1
2007/7/17,187
2007/7/23,1
2007/7/24,5
2007/7/29,9
2007/8/5,5
2007/8/9,20
2007/8/16,6
2007/8/22,16
2007/8/26,14
2007/9/7,8
2007/9/16,90
2007/9/24,1
2007/10/4,24
2007/10/7,10
2007/10/8,18
2007/11/4,2
2007/11/8,0
2007/11/30,57
2007/12/3,4
2007/12/5,2
2007/12/9,5
2008/1/4,18
2008/1/5,6
2008/1/12,11
2008/1/14,1
2008/1/17,0
2008/1/19,13
2008/1/23,20
2008/1/26,3
2008/2/21,46
2008/2/26,5
2008/3/3,10
2008/3/15,3
2008/4/3,19
2008/4/9,1
2008/4/11,8
2008/4/15,0
2008/4/16,13
2008/4/28,20
2008/5/2,24
2008/5/17,2
2008/5/23,1
2008/5/24,4
2008/5/26,9
2008/5/29,11
2008/5/30,3
2008/6/7,10
2008/6/8,4
2008/6/10,32
2008/6/18,1
2008/6/20,10
2008/6/26,18
2008/6/27,7
2008/6/29,6
2008/6/30,4
2008/7/6,1
2008/7/7,0
2008/7/10,9
2008/7/31,8
2008/8/3,5
2008/8/5,9
2008/8/6,10
2008/8/13,3
2008/8/20,154
2008/8/24,79
2008/8/30,3
2008/9/1,20
2008/9/3,7
2008/9/14,88
2008/9/19,4
2008/9/27,4
2008/10/8,18
2008/10/15,4
2008/11/4,8
2008/11/8,4
2008/11/13,7
2008/11/16,7
2008/11/27,7
2008/12/3,3
2008/12/11,3
2008/12/15,12
2009/1/4,8
2009/1/15,0
2009/2/7,26
2009/2/12,49
2009/2/15,13
2009/2/20,5
2009/2/25,9
2009/3/9,11
2009/3/12,17
2009/3/22,14
2009/3/23,2
2009/4/1,16
2009/4/6,24
2009/4/9,6
2009/4/17,12
2009/4/29,7
2009/5/3,18
2009/5/20,98
2009/5/26,4
2009/6/1,228
2009/6/7,1
2009/6/8,13
2009/6/29,3
2009/6/30,152
2009/7/15,168
2009/7/24,16
2009/8/2,15
2009/8/4,1
2009/8/11,13
2009/8/14,2
2009/8/16,1
2009/8/26,6
2009/9/7,5
2009/9/22,7
2009/9/24,1
2009/10/9,11
2009/10/13,3
2009/10/17,4
2009/10/21,6
2009/10/22,1
2009/10/26,9
2009/10/29,7
2009/11/1,11
2009/11/2,4
2009/11/9,1
2009/11/12,1
2009/11/15,3
2009/11/23,5
2009/11/28,3
2009/12/9,2
2009/12/17,2
2009/12/20,1
2010/1/5,2
2010/1/21,2
2010/1/25,92
2010/1/28,9
2010/2/14,2
2010/3/22,2
2010/4/10,96
2010/4/12,4
2010/4/13,7
2010/4/21,3
2010/5/12,103
2010/5/15,8
2010/5/17,44
2010/5/21,3
2010/5/22,158
2010/6/12,3
2010/6/14,9
2010/6/19,11
2010/6/23,7
2010/6/24,2
2010/7/5,12
2010/7/28,156
2010/7/31,2
2010/8/1,3
2010/8/3,12
2010/8/9,5
2010/8/16,2
2010/8/24,58
2010/8/25,20
2010/8/31,4
2010/9/3,2
2010/9/7,6
2010/9/13,17
2010/10/6,8
2010/10/12,8
2010/10/21,2
2010/10/25,1
2010/10/27,5
2010/11/4,68
2010/11/5,21
2010/11/11,6
2010/11/24,5
2010/11/28,12
2010/12/4,2
2010/12/8,5
2010/12/15,22
2010/12/19,2
2010/12/28,12
2011/1/1,3
2011/1/9,77
2011/1/14,6
2011/1/20,6
2011/2/4,7
2011/2/10,6
2011/2/12,5
2011/2/14,16
2011/2/18,2
2011/3/5,6
2011/3/8,2
2011/3/16,5
2011/3/21,23
2011/3/28,3
2011/3/31,1
2011/4/1,1
2011/4/2,4
2011/4/4,32
2011/5/7,25
2011/5/18,22
2011/6/20,47
2011/7/4,1
2011/7/6,9
2011/7/8,77
2011/7/11,7
2011/7/13,16
2011/7/26,80
2011/7/28,2
2011/8/2,8
2011/8/9,11
2011/8/20,12
2011/8/22,1
2011/8/28,1
2011/9/2,22
2011/9/3,1
2011/9/6,8
2011/9/7,44
2011/9/9,2
2011/9/14,17
2011/9/20,3
2011/9/22,2
2011/9/23,1
2011/9/25,19
2011/9/29,18
2011/10/4,2
2011/10/13,28
2011/10/14,8
2011/10/18,6
2011/10/25,4
2011/10/27,2
2011/11/23,1
2012/1/30,3
2012/2/12,6
2012/2/28,1
2012/3/1,5
2012/3/15,12
2012/3/22,8
2012/4/2,33
2012/4/20,127
2012/4/21,3
2012/5/9,45
2012/5/14,15
2012/6/2,12
2012/6/3,163
2012/6/6,2
2012/6/10,5
2012/6/11,13
2012/6/21,11
2012/6/23,4
2012/6/29,2
2012/7/1,4
2012/7/12,7
2012/7/13,3
2012/7/17,1
2012/7/22,1
2012/7/28,8
2012/8/2,2
2012/8/19,32
2012/8/22,4
2012/8/30,3
2012/9/12,10
2012/9/22,1
2012/9/28,19
2012/10/7,18
2012/11/6,1
2012/11/9,6
2012/11/18,1
2012/11/21,10
2012/11/25,1
2012/11/30,32
2012/12/5,11
2012/12/9,7
2012/12/17,4
2012/12/19,2
2012/12/22,1
2012/12/25,29
2012/12/29,5
2013/1/4,6
2013/1/15,1
2013/1/23,3
2013/1/29,21
2013/2/11,11
2013/2/13,5
2013/2/20,5
2013/3/4,9
2013/3/6,9
2013/3/8,2
2013/3/17,2
2013/3/23,1
2013/4/7,1
2013/4/27,4
2013/4/29,7
2013/4/30,6
2013/5/3,3
2013/5/5,2
2013/5/15,1
2013/5/24,3
2013/6/7,1
2013/6/10,1
2013/6/28,1
2013/6/29,2
2013/7/6,3
2013/7/7,10
2013/8/5,2
2013/8/6,1
2013/8/9,4
2013/8/14,2
2013/8/22,1
2013/9/9,2
2013/9/25,1
2013/9/29,4
2013/10/3,16
2013/10/5,4
2013/10/6,1
2013/10/10,4
2013/10/14,14
2013/10/16,49
2013/10/18,2
2013/10/26,2
2013/11/3,8
2013/11/10,5
2013/11/17,50
2013/11/19,4
2013/11/25,3
2013/11/29,37
2013/12/2,2
2013/12/4,5
2013/12/11,1
2013/12/17,2
2013/12/26,9
2014/1/5,1
2014/1/10,3
2014/1/12,4
2014/1/18,2
2014/1/20,2
2014/2/11,76
2014/2/16,18
2014/2/17,1
2014/2/19,1
2014/2/21,11
2014/3/3,4
2014/3/8,239
2014/3/28,5
2014/4/8,2
2014/4/19,8
2014/5/8,5
2014/5/12,1
2014/5/17,16
2014/5/27,5
2014/5/31,7
2014/6/6,5
2014/6/7,1
2014/6/14,49
2014/6/17,3
2014/6/18,3
2014/6/23,2
2014/6/24,1
2014/7/2,4
2014/7/14,2
2014/7/17,298
2014/7/23,48
2014/7/24,116
2014/8/10,39
2014/8/13,7
2014/8/30,7
2014/8/31,3
2014/9/14,2
2014/9/20,4
2014/9/21,6
2014/10/20,4
2014/10/29,2
2014/10/30,4
2014/11/9,9
2014/11/14,2
2014/12/8,6
2014/12/12,5
2014/12/18,2
2014/12/28,170
2015/1/18,30
2015/1/20,6
2015/1/29,3
2015/2/4,43
2015/2/11,4
2015/3/24,152
2015/3/26,2
2015/4/13,2
2015/5/9,4
2015/5/16,2
2015/5/20,4
2015/6/2,5
2015/6/8,3
2015/6/25,9
2015/6/30,139
2015/7/31,15
2015/8/1,1
2015/8/16,58
2015/8/20,7
2015/8/29,7
2015/9/5,7
2015/9/15,3
2015/10/2,24
2015/10/3,2
2015/10/12,2
2015/10/14,3
2015/10/22,4
2015/10/31,224
2015/11/4,41
2015/11/10,13
2015/12/7,1
2015/12/11,1
2015/12/22,10
2015/12/23,1
2015/12/24,8
2016/1/8,2
2016/1/18,2
2016/2/2,1
2016/2/6,3
2016/2/10,5
2016/2/24,23
2016/3/9,3
2016/3/15,22
2016/3/16,3
2016/3/19,62
2016/4/1,3
2016/4/6,6
2016/4/13,12
2016/4/30,5
2016/5/18,7
2016/6/16,9
2016/6/26,1
2016/6/30,2
2016/7/1,10
2016/7/11,3
2016/7/20,5
2016/7/22,29
2016/7/31,3
2016/8/3,1
2016/8/16,2
2016/8/31,3
2016/9/30,4
2016/10/2,3
2016/10/13,4
2016/10/24,5
2016/11/28,71
2016/12/3,13
2016/12/5,1
2016/12/7,47
2016/12/18,13
,
,
,
,
,
,
,
,
,
,
,
,
,
,
,
,
,
,
,
,
,
,
,
,
,
,
,
,
,
,
,
,
,
,
,
,
,
,
,
,
,
,
,
,
,
,
,
,
,
,
,
,
,
,
,
,
,
,
,
,
,
,
,
,
,
,
,
,
,
,
,
,
,
,
,
,
,
,
,
,
,
,
,
,
,
,
,
,
,
,
,
,
,
,
,
,
,
,
,
,
,
,
,
,
,
,
,
,
,
,
,
,
,
,
,
,
,
,
,
,
,
,
,
,
,
,
,
,
,
,
,
,
,
,
,
,
,
,
,
,
,
,
,
,
,
,
,
,
,
,
,
,
,
,
,
,
,
,
,
,
,
,
,
,
,
,
,
,
,
,
,
,
,
,
,
,
,
,
,
,
,
,
,
,
,
,
,
,
,
,
,
,
,
,
,
,
,
,
,
,
,
,
,
,
,
,
,
,
,
,
,
,
,
,
,
,
,
,
,
,
,
,
,
,
,
,
,
,
,
,
,
,
,
,
,
,
,
,
,
,
,
,
,
,
,
,
,
,
,
,
,
,
,
,
,
,
,
,
,
,
,
,
,
,
,
,
,
,
,
,
,
,
,
,
,
,
,
,
,
,
,
,
,
,
,
,
,
,
,
,
,
,
,
,
,
,
,
,
,
,
,
,
,
,
,
,
,
,
,
,
,
,
,
,
,
,
,
,
,
,
,
,
,
,
,
,
,
,
,
,
,
,
,
,
,
,
,
,
,
,
,
,
,
,
,
,
,
,
,
,
,
,
,
,
,
,
,
,
,
,
,
,
,
,
,
,
,
,
,
,
,
,
,
,
,
,
,
,
,
,
,
,
,
,
,
,
,
,
,
,
,
,
,
,
,
,
,
,
,
,
,
,
,
,
,
,
,
,
,
,
,
,
,
,
,
,
,
,
,
,
,
,
,
,
,
,
,
,
,
,
,
,
,
,
,
,
,
,
,
,
,
,
,
,
,
,
,
,
,
,
,
,
,
,
,
,
,
,
,
,
,
,
,
,
,
,
,
,
,
,
,
,
,
,
,
,
,
,
,
,
,
,
,
,
,
,
,
,
,
,
,
,
,
,
,
,
,
,
,
,
,
,
,
,
,
,
,
,
,
,
,
,
,
,
,
,
,
,
,
,
,
,
,
,
,
,
,
,
,
,
,
,
,
,
,
,
